id,name
0,fentanyl
1,apache
2,birria
3,coca
4,blue diamond
5,laudanum
6,blue dolphin
7,china girl
8,china town
9,sodium thiopental
10,china white
11,chinese buffet
12,chinese food crazy
13,crazy one
14,dance fever
15,dragon
16,dragon’s breath
17,fuf
18,facebook
19,fent
20,fenty
21,cathine
22,goodfella
23,cathinone
24,great bear
25,gray stuff
26,he-man
27,heineken
28,pethidine
29,huerfanito
30,humid
31,jackpot
32,king ivory
33,alpha-pyrrolidinobutiophenone
34,lollipop
35,murder 8
36,nal
37,nil
38,lorcaserin
39,nyl
40,opes
41,pharmacy
42,poison
43,snowflake
44,acetorphine
45,tango and cash
46,allylprodine
47,tnt
48,cyprenorphine
49,toe tag dope
50,white girl
51,fenproporex
52,white ladies
53,heroin
54,heterocodeine
55,diacetylmorphine
56,meprodine
57,diamorphone
58,metazocine
59,abajo
60,a-bomb
61,phenomorphan
62,achivia
63,adormidera
64,amarilla
65,anestesia de caballo
66,antifreeze
67,apodo
68,arpon
69,aunt hazel
70,avocado
71,azucar
72,bad seed
73,baja corte
74,ballot
75,basketball
76,basura
77,beast
78,beyonce
79,big bag
80,big h
81,glutethimide
82,big harry
83,birdie powder
84,birria
85,birria blanca
86,methyltestosterone
87,black bitch
88,carisoprodol
89,black goat
90,black olives
91,black paint
92,black pearl
93,black sheep
94,black shirt
95,black tar
96,blanco
97,blow dope
98,alpha-ethyltryptamine
99,blue hero
100,bombita
101,bombs away
102,bonita
103,bozo
104,brea negra
105,brick gum
106,brown crystal
107,brown rhine
108,brown sugar
109,bubble gum
110,burrito
111,carfentanil
112,caballo
113,caballo negro
114,caca
115,café
116,cajeta
117,capital h
118,cardio
119,carga
120,caro
121,cement
122,certificada
123,chapopote
124,charlie horse
125,chavo
126,benzylmorphine
127,cheese
128,chicle
129,chiclosa
130,desomorphine
131,china blanca
132,china cat
133,dihydroetorphine
134,china white
135,chinese buffet
136,chinese food
137,chinese red
138,chiva
139,chiva blanca
140,chiva loca
141,hydromorphinol
142,chiva negra
143,chivones
144,chocolate
145,mephedrone
146,chocolate balls
147,chocolate shake
148,choko
149,phenazocine
150,chorizo
151,piminodine
152,churro negro
153,chutazo
154,prodine
155,coco
156,propiram
157,cohete
158,comida
159,crown crap
160,curley hair
161,dark girl
162,dark kind
163,dead on arrival
164,diesel
165,tilidine
166,dog food
167,doggie
168,drotebanol
169,doojee
170,dope
171,fospropofol
172,dorado
173,jwh-018
174,dragon
175,jwh-073
176,dreck
177,jwh-081
178,dynamite
179,levophenacylmorphan
180,dyno
181,el diablo
182,enrique grande
183,esquina
184,esquinilla
185,am-694
186,fairy dust
187,flea powder
188,foolish powder
189,galloping horse
190,gamot
191,cannabicyclohexanol
192,gato
193,pentedrone
194,george smack
195,globo
196,goat
197,golden girl
198,good and plenty
199,good h
200,goofball
201,3-monoacetylmorphine
202,goma
203,gorda
204,gras
205,grasin
206,gravy
207,ur-144
208,gum
209,h-caps
210,hairy
211,hard candy
212,hard one
213,methcathinone
214,methylenedioxypyrovalerone
215,hats
216,hazel
217,phenobarbital
218,heaven dust
219,helen
220,helicopter
221,hell dust
222,hercules
223,"3,4-methylenedioxyamphetamine"
224,adderall
225,hombre
226,hot dope
227,huera
228,hummers
229,jojee
230,joy flakes
231,joy powder
232,junk
233,kabayo
234,karachi
235,midazolam
236,karate
237,king’s tickets
238,la tierra
239,lemonade
240,lenta
241,lifesaver
242,manteca
243,marias
244,marrion
245,mayo
246,mazpan
247,indiplon
248,menthol
249,ketobemidone
250,mexican black tar heroin
251,mexican brown
252,mexican food
253,mexican horse
254,trional
255,mexican mud
256,mexican tar
257,mexican treat
258,modelo negra
259,bezitramide
260,mojo
261,mole
262,mongega
263,morena
264,morenita
265,mortal combat
266,piritramide
267,mujer
268,murcielago
269,flutemazepam
270,muzzle
271,methyldesorphine
272,nanoo
273,methyldihydromorphine
274,negra
275,pentamorphone
276,negra tomasa
277,negrita
278,nice and easy
279,obama
280,old steve
281,pants
282,patty
283,peg
284,p-funk
285,piezas
286,plata
287,poison
288,polvo
289,gamma-hydroxybutyric acid
290,polvo de alegria
291,hashish
292,polvo de estrellas
293,polvo feliz
294,poppy
295,prostituta negra
296,puppy
297,modafinil
298,rambo
299,"n,n-dimethyltryptamine"
300,red chicken
301,red eagle
302,reindeer dust
303,phencyclidine
304,roofing tar
305,ruby
306,sack
307,scag
308,scat
309,schmeck
310,scramble
311,shirts
312,skag
313,skunk
314,trenbolone
315,slime
316,smack
317,smeck
318,snickers
319,soda
320,speedball
321,spider blue
322,desmethylprodine
323,sticky kind
324,stufa
325,sweet jesus
326,tan
327,tar
328,tecata
329,ethylmorphine
330,thunder
331,tires
332,tomasa
333,tootsie roll
334,tragic magic
335,turtle
336,vidrio
337,weights
338,white boy
339,white girl
340,white junk
341,white lady
342,white nurse
343,white shirt
344,white stuff
345,witch
346,witch hazel
347,zapapote
348,oxycodone
349,512s
350,bananas
351,blue dynamite
352,blueberries
353,buttons
354,ercs
355,meprobamate
356,greenies
357,hillbilly heroin
358,nabilone
359,kickers
360,m-30s
361,paulas
362,percs
363,rims
364,tires
365,oxazepam
366,perks
367,alprazolam
368,xanax
369,benzos
370,bicycle handle bars
371,bicycle parts
372,bricks
373,footballs
374,french fries
375,handlebars
376,sibutramine
377,hulk
378,l7
379,ladders
380,palitroque
381,planks
382,school bus
383,upjohns
384,white boys
385,white girls
386,xanies
387,xan
388,yellow boys
389,zanbars
390,jwh-019
391,zannies
392,zan
393,jwh-122
394,z-bars
395,am-2201
396,amphetamine
397,acelerador
398,4-methylethcathinone
399,amps
400,bam
401,b-bombs
402,beans
403,bennies
404,benz
405,black and whites
406,black beauties
407,black birds
408,black bombers
409,black mollies
410,blacks
411,apinaca
412,blue boys
413,levomethadone
414,bombita
415,brain ticklers
416,brownies
417,xlr-11 (drug)
418,bumblebees
419,cartwheels
420,5f-pb-22
421,chalk
422,butyrfentanyl
423,chicken powder
424,chochos
425,chocolates
426,pb-22
427,christina
428,chunk
429,co-pilot
430,coast-to-coasts
431,crisscross
432,cross roads
433,cross tops
434,crosses
435,ab-chminaca
436,debs
437,adb-pinaca
438,dexies
439,diablos
440,diamonds
441,diet pills
442,dolls
443,dominoes
444,double cross
445,dulces
446,thj-2201
447,fives
448,flour
449,footballs
450,mmda (drug)
451,french blues
452,ohmefentanyl
453,geeked up
454,goofballs
455,greenies
456,head drugs
457,horse heads
458,in-betweens
459,jelly babies
460,jelly beans
461,jolly beans
462,jugs
463,la turnaround
464,6-monoacetylmorphine
465,leapers
466,lid poppers
467,anileridine
468,lightening
469,little bombs
470,marathons
471,mini beans
472,mini bennies
473,morning shot
474,nuggets
475,oranges
476,pastas
477,ethylestrenol
478,pastillas
479,peaches
480,pep pills
481,pepper
482,levorphanol
483,pingas
484,pink hearts
485,pixies
486,pollutants
487,purple hearts
488,rippers
489,road dope
490,roses
491,rueda
492,snaps
493,snow pallets
494,sparkle plenty
495,sparklers
496,splash
497,sweeties
498,sweets
499,tens
500,thrusters
501,tr-6s
502,truck drivers
503,turnabouts
504,uppers
505,wake ups
506,west coast turnarounds
507,3-methylfentanyl
508,whiffle dust
509,3-methylthiofentanyl
510,white crosses
511,alphamethylthiofentanyl
512,betahydroxyfentanyl
513,zoomers
514,betahydroxythiofentanyl
515,juice
516,adderall
517,diethylthiambutene
518,a-train
519,dimethylthiambutene
520,abby
521,drostanolone propionate
522,addies
523,ethylmethylthiambutene
524,addy
525,etilamfetamine
526,amps
527,christmas trees
528,hydroxypethidine
529,co-pilots
530,lid poppers
531,smart pills
532,mazindol
533,smarties
534,study buddies
535,obetrol
536,study skittles
537,truck drivers
538,parafluorofentanyl
539,zing
540,dexedrine
541,phenadoxone
542,buprenorphine
543,suboxone
544,subutex
545,thiofentanyl
546,boxes
547,α-methylacetylfentanyl
548,bupes
549,25b-nbome
550,oranges
551,alpha-pyrrolidinopentiophenone
552,sobos
553,stop signs
554,stops
555,subs
556,big whites
557,naphyrone
558,buse
559,small whites
560,racemorphan
561,strips
562,clonazepam
563,benzos
564,tetronal
565,k
566,k-pin
567,super valium
568,tranks
569,klonopin
570,cocaine
571,regular kind
572,acetylfentanyl
573,regular work
574,reindeer dust
575,richie
576,rims
577,rocky mountain
578,cannabidiol
579,rolex
580,rolex hh
581,rooster
582,desoxymethyltestosterone
583,dihydrocodeine
584,schmeck
585,schoolboy
586,scorpion
587,scottie
588,tetrahydrogestrinone
589,serpico
590,alpha-methyltryptamine
591,sierra
592,ski equipment
593,sleigh ride
594,sneeze
595,sniff
596,snow bird
597,snow cone
598,snow white
599,snowball
600,snowflake
601,society high
602,ergine
603,soda
604,soditas
605,speedball
606,stardust
607,star spangled powder
608,stash
609,studio fuel
610,suave
611,superman
612,sweet stuff
613,dexmethylphenidate
614,tabique
615,tablas
616,talco
617,talquito
618,tamales
619,para-methoxyamphetamine
620,tecate
621,psilocin
622,teenager
623,tequila
624,thunder
625,tonto
626,toot
627,tortes
628,tortuga
629,toyota
630,dimethyllysergamide
631,t-shirts
632,tubo
633,tucibi
634,fenethylline
635,turkey
636,hexobarbital
637,tutti-frutti
638,vaquita
639,levomethorphan
640,whack
641,methorphan
642,methyprylon
643,white bitch
644,white cross
645,white dove
646,white girl
647,white goat
648,pholcodine
649,white horse
650,white lady
651,white mercedes benz
652,tetrazepam
653,white mosquito
654,white paint
655,acetyldihydrocodeine
656,white powder
657,white rock
658,white root
659,white shirt
660,white t
661,white wall tires
662,whitey
663,whiz bang
664,wooly
665,yayo
666,yeyo
667,yoda
668,zapato
669,zip
670,ice cream
671,icing
672,inca message
673,bolandione
674,izzy
675,jam
676,jaime blanco
677,jwh-250
678,jaula
679,lopirazepam
680,jelly
681,john deere
682,joy flakes
683,joy powder
684,juguetes
685,jwh-398
686,jump rope
687,junk
688,k13
689,king’s habit
690,kordell
691,alphacetylmethadol
692,la familia
693,lady snow
694,late night
695,betacetylmethadol
696,lavada
697,leaf
698,libreta
699,ab-fubinaca
700,ab-pinaca
701,loaf
702,love affair
703,lv
704,maca flour
705,madera
706,mama coca
707,mandango
708,manita
709,maradona
710,marbol
711,mayback
712,mayo
713,melcocha
714,media lata
715,mercedes
716,milonga
717,mojo
718,mona lisa
719,"3,4-methylenedioxy-n-ethylamphetamine"
720,monte
721,morro
722,mosquitos
723,movie star drug
724,muchacha
725,racemoramide
726,muebles
727,mujer
728,napkin
729,nieve
730,nina
731,dextroamphetamine
732,nose candy
733,nose powder
734,old lady
735,oyster stew
736,paloma
737,paleta
738,palomos
739,pantalones
740,5-methoxy-diisopropyltryptamine
741,papas
742,paradise
743,paradise white
744,parrot
745,pearl
746,pedrito
747,perico
748,peruvian
749,peruvian flake
750,peruvian lady
751,pescado
752,peta
753,pez
754,pichicata
755,pillow
756,pimp
757,pingas
758,pingos
759,pintura blanca
760,poli
761,pollo
762,polvo
763,powder diamonds
764,methaqualone
765,puma
766,puritain
767,quadros
768,queso blanco
769,racehorse charlie
770,rambo
771,benzphetamine
772,refresco
773,refrescas
774,pearl
775,hubba
776,gringa
777,flake
778,chevy
779,cheyenne
780,temazepam
781,chica
782,chicanitas
783,chinos
784,chiva
785,ethchlorvynol
786,cielo
787,clear kind
788,clear tires
789,coca
790,coca-cola
791,cocazo
792,coconut
793,coke
794,cola
795,colorado
796,comida
797,comida dulce
798,connie
799,cookie
800,cosa
801,coso
802,cosos
803,tiletamine
804,crow
805,crusty treats
806,cuadro
807,death valley
808,designer jeans
809,devil’s dandruff
810,diamonds
811,diente
812,barbital
813,dienton
814,boldenone
815,diesel
816,diosa blanca
817,dona blanca
818,double bubble
819,clorazepate
820,double letters
821,dove
822,dulces
823,duracell
824,durazno
825,duro
826,escama
827,metandienone
828,escorpino
829,falopa
830,methohexital
831,fef1
832,fichas
833,nordazepam
834,fiesta
835,oxymetholone
836,fish scale
837,quinbolone
838,flake
839,flea market jeans
840,florida snow
841,flour
842,foolish powder
843,"2,5-dimethoxy-4-ethylamphetamine"
844,fox
845,4-methylaminorex
846,freeze
847,friskie powder
848,frula
849,funtime
850,gabacho
851,galaxy
852,gallos
853,gato
854,dextromoramide
855,gift of the sun
856,dihydromorphine
857,girlfriend
858,dipipanone
859,glad stuff
860,gold dust
861,green gold
862,gringa
863,gringito
864,grout
865,guerillo
866,gueros
867,metenolone enanthate
868,h1
869,metharbital
870,hai hit
871,methylphenobarbital
872,hamburger
873,happy dust
874,happy powder
875,happy trails
876,heaven dust
877,heavy one
878,henry viii
879,hh
880,hhj
881,prazepam
882,high heat
883,4-methylthioamphetamine
884,hmh
885,amfepramone
886,hooter
887,aminorex
888,hundai
889,butorphanol
890,62
891,camazepam
892,77
893,777
894,cinolazepam
895,921
896,clotiazepam
897,a-1
898,cloxazolam
899,adidas
900,all-american drug
901,ancla
902,angel powder
903,dexfenfluramine
904,dichloralphenazone
905,apache
906,apodo
907,doxefazepam
908,arriba
909,audi
910,aunt nora
911,ethyl loflazepate
912,azucar
913,baby powder
914,barrato
915,basuco
916,etonitazene
917,batman
918,fludiazepam
919,bazooka
920,gidazepam
921,bazulco
922,halazepam
923,belushi
924,bernice
925,ketazolam
926,bernie
927,bernie’s flakes
928,bernie’s gold dust
929,big bird
930,loprazolam
931,big bloke
932,lormetazepam
933,big c
934,medazepam
935,big flake
936,big rush
937,nimetazepam
938,billie hoke
939,birdie powder
940,pinazepam
941,blanca nieves
942,blanco
943,blizzard
944,blowcaine
945,bmw
946,vinbarbital
947,bobo
948,vinylbital
949,bolitas
950,bolivian marching powder
951,bombita
952,booger sugar
953,bose
954,bouncing powder
955,brisa
956,bump
957,c-dust
958,caballo
959,caca
960,cadillac
961,california pancakes
962,calves
963,canelon
964,carney
965,furazabol
966,carrie nation
967,lefetamine
968,cebolla
969,cecil
970,cement
971,mesterolone
972,colombia
973,colombia
974,norethandrolone
975,crack cocaine
976,phenoperidine
977,devil smoke
978,dice
979,dime special
980,dirty basing
981,dirty fentanyl
982,double yoke
983,durin
984,eastside player
985,egg
986,eye opener
987,"3,4-methylenedioxy-n-hydroxyamphetamine"
988,famous dimes
989,fat bags
990,fifty-one
991,fish scales
992,freebase
993,french fries
994,eticyclidine
995,garbage rock
996,geek
997,glo
998,haloxazolam
999,golf ball
1000,gravel
1001,great white hope
1002,lisdexamfetamine
1003,grit
1004,groceries
1005,mecloqualone
1006,hail
1007,metopon
1008,hamburger helper
1009,hotcakes
1010,hubba
1011,ice cubes
1012,rolicyclidine
1013,tenocyclidine
1014,jelly beans
1015,thiamylal
1016,α-methylfentanyl
1017,kangaroo
1018,kokoma
1019,kryptonite
1020,delorazepam
1021,mixed jive
1022,moon rock
1023,nickle
1024,normethadone
1025,nuggets
1026,one-fifty-one
1027,zipeprol
1028,paste
1029,pebbles
1030,pee wee
1031,piedras
1032,noracymethadol
1033,norpipanone
1034,pony
1035,primo
1036,ready rock
1037,arketamine
1038,red caps
1039,rip
1040,eluxadoline
1041,roca
1042,rock attack
1043,adb-chminaca
1044,rocks of hell
1045,rocky iii
1046,rooster
1047,rox
1048,roxanne
1049,roz
1050,schoolcraft
1051,benzylpiperazine
1052,scramble
1053,scruples
1054,seven-up
1055,sherms
1056,sight ball
1057,slab
1058,sleet
1059,speed boat
1060,square time bomb
1061,sugar block
1062,takeover
1063,top gun
1064,suvorexant
1065,uzi
1066,bromazepam
1067,white ball
1068,white ghost
1069,alfentanil
1070,white sugar
1071,white tornado
1072,wrecking crew
1073,yahoo
1074,yale
1075,yimyom
1076,51s
1077,bufotenin
1078,151s
1079,501s
1080,apple jack
1081,baby t
1082,fenfluramine
1083,bazooka
1084,flurazepam
1085,beam me up
1086,beautiful boulders
1087,beemer
1088,bill blass
1089,bings
1090,bj
1091,black rock
1092,blowcaine
1093,blowout
1094,bobo
1095,bolo
1096,bone crusher
1097,remifentanil
1098,boo-boo
1099,boulder
1100,sufentanil
1101,breakfast of champions
1102,bubble gum
1103,bullion
1104,zopiclone
1105,bump
1106,ah-7921
1107,caps
1108,casper the ghost
1109,caviar
1110,cd
1111,jwh-203
1112,cheap basing
1113,pentylone
1114,chewies
1115,chingy
1116,clicker
1117,climax
1118,cloud nine
1119,cookies
1120,crc
1121,crib
1122,crunch and munch
1123,ecstasy/mdma
1124,ecstasy
1125,mdma
1126,molly
1127,baby slits
1128,beans
1129,blue kisses
1130,blue superman
1131,booty juice
1132,chocolate chips
1133,dancing shoes
1134,decadence
1135,disco biscuits
1136,domex
1137,e-bomb
1138,egg rolls
1139,goog
1140,green apple
1141,happy pill
1142,clobazam
1143,hug
1144,hug drug
1145,kleenex
1146,love doctor
1147,love drug
1148,love flip
1149,love potion #9
1150,love trip
1151,lover’s speed
1152,malcolm x
1153,moon rock
1154,ibogaine
1155,pingaz
1156,pingers
1157,rolls
1158,scooby snacks
1159,skittle
1160,pemoline
1161,smacks
1162,slits
1163,phendimetrazine
1164,smarties
1165,speed for lovers
1166,sweets
1167,talbutal
1168,tacha
1169,thizz
1170,triple stacks
1171,uppers
1172,vitamin e
1173,vitamin x
1174,vowels
1175,white mercedes
1176,butabarbital
1177,xtc
1178,butalbital
1179,yokes
1180,butylone
1181,hydrocodone
1182,norco
1183,vicodin
1184,lorcet
1185,357s
1186,bananas
1187,dones
1188,estazolam
1189,dro
1190,droco
1191,fluff
1192,hydros
1193,idiot pills
1194,lemonade
1195,lorries
1196,scratch
1197,tabs
1198,triple v
1199,methylone
1200,veeks
1201,vics
1202,vikes
1203,v-itamin
1204,oxandrolone
1205,watsons-387
1206,watsons
1207,dilaudid
1208,pentobarbital
1209,phenmetrazine
1210,dillies
1211,k4
1212,needle candy
1213,footballs
1214,juice
1215,smack
1216,quazepam
1217,methamphetamine
1218,diablo
1219,evil sister
1220,eye glasses
1221,fizz
1222,foco
1223,frio
1224,gak
1225,garbage
1226,acetylmethadol
1227,g-funk
1228,alphamethadol
1229,gifts
1230,benzethidine
1231,betamethadol
1232,go-fast
1233,go-go
1234,clonitazene
1235,goofball
1236,groceries
1237,diampromide
1238,hard ones
1239,hare
1240,dimenoxadol
1241,hawaiian salt
1242,dimepheptanol
1243,hielo
1244,dimethylamphetamine
1245,hiropon
1246,dimethylheptylpyran
1247,hot ice
1248,dioxaphetyl butyrate
1249,hubbers
1250,embutramide
1251,ethoheptazine
1252,ice cream
1253,etoxeridine
1254,ice water
1255,furethidine
1256,icehead
1257,jale
1258,jug of water
1259,morpheridine
1260,l.a. glass
1261,myrophine
1262,l.a. ice
1263,n-ethyl-3-piperidyl benzilate
1264,lemons
1265,n-methyl-3-piperidyl benzilate
1266,lemon drop
1267,norpethidine
1268,light beige
1269,pepap
1270,livianas
1271,pethidine intermediate a
1272,madera
1273,phenampromide
1274,mamph
1275,proheptazine
1276,meth
1277,methlies quick
1278,25i-nbome
1279,mexican crack
1280,mexican crank
1281,miss girl
1282,montura
1283,"cp 47,497"
1284,muchacha
1285,nails
1286,one pot
1287,jwh-200
1288,no-doze
1289,levomoramide
1290,pantalones
1291,normorphine
1292,patudas
1293,peanut butter crank
1294,pinata
1295,pointy ones
1296,pollito
1297,popsicle
1298,purple
1299,raspado
1300,rims
1301,3-fluoromethcathinone
1302,rocket fuel
1303,shabu
1304,shards
1305,shatter
1306,shaved ice
1307,shiny girl
1308,small girl
1309,soap dope
1310,soft ones
1311,speed dog
1312,spicy kind
1313,diethyltryptamine
1314,spin
1315,stove top
1316,super ice
1317,tina
1318,armodafinil
1319,tires
1320,trash
1321,tupperware
1322,tweak
1323,sodium oxybate
1324,unassembled
1325,uppers
1326,ventanas
1327,vidrio
1328,walking zombie
1329,wazz
1330,whizz
1331,witches teeth
1332,2c-b
1333,yaba
1334,yellow barn
1335,yellow cake
1336,yellow kind
1337,zip
1338,accordion
1339,amp
1340,aqua
1341,pentazocine
1342,arroz
1343,batu
1344,allobarbital
1345,begok
1346,biker’s coffee
1347,chlorphentermine
1348,blue bell ice cream
1349,clortermine
1350,beers
1351,diacetyldihydromorphine
1352,bucio
1353,dipropanoylmorphine
1354,bud light
1355,bump
1356,fencamfamine
1357,cajitas
1358,mibolerone
1359,chalk
1360,chandelier
1361,nicocodeine
1362,chavalone
1363,nicodicodeine
1364,nicomorphine
1365,chicken feed
1366,parahexyl
1367,chicken powder
1368,chris
1369,christine
1370,pipradrol
1371,christy
1372,properidine
1373,clothing cleaner
1374,thebacon
1375,alfaxalone
1376,cold one
1377,colorado rockies
1378,crank
1379,chloralodol
1380,cri-cri
1381,crink
1382,crisco
1383,levacetylmethadol
1384,crissy
1385,christy
1386,mebutamate
1387,crypto
1388,cuadro
1389,sulfonmethane
1390,diamond
1391,dunk
1392,el gata
1393,methylphenidate
1394,ritalin
1395,concerta
1396,daytrana
1397,diet coke
1398,4'-methyl-α-pyrrolidinopropiophenone
1399,jif
1400,flephedrone
1401,kibbles and bits
1402,kiddie cocaine
1403,kiddie coke
1404,mph
1405,pineapple
1406,isomethadone
1407,poor man’s cocaine
1408,r-ball
1409,25c-nbome
1410,r-pop
1411,rids
1412,rittys
1413,skippy
1414,chloral betaine
1415,skittles
1416,smarties
1417,rcs-4
1418,study buddies
1419,rcs-8
1420,the smart drug
1421,truck drivers
1422,vitamin r
1423,morphine
1424,dreamer
1425,first line
1426,god’s drug
1427,joy juice
1428,miss emma
1429,monkey
1430,mister blue
1431,morpho
1432,noroxymorphone
1433,unkie
1434,white stuff
1435,opium
1436,ah-pen-yen
1437,auntie
1438,aunt emma
1439,big o
1440,black pill
1441,black russian
1442,chandoo
1443,chinese molasses
1444,chinese tobacco
1445,chocolate
1446,cruz
1447,dopium
1448,dover’s powder
1449,dream gum
1450,dream stick
1451,easing powder
1452,fi-do-nie
1453,gee
1454,god’s medicine
1455,goma
1456,gondola
1457,goric
1458,great tobacco
1459,gum
1460,guma
1461,hocus
1462,hops
1463,incense
1464,joy plant
1465,midnight oil
1466,mira
1467,ope
1468,opio
1469,pen yan
1470,pin gon
1471,pin yen
1472,pox
1473,skee
1474,toxy
1475,toys
1476,when-shee
1477,oxycodone
1478,oxaydo
1479,roxicodone
1480,oxycontin
1481,oxycodone
1482,30s
1483,40s
1484,512s
1485,beans
1486,berries
1487,buttons
1488,greens
1489,hillbilly heroin
1490,kickers
1491,killers
1492,muchachas
1493,mujeres
1494,oc
1495,oxy
1496,oxycet
1497,oxycotton
1498,oxy 80s
1499,ozone
1500,roxy
1501,roxy shorts
1502,oxycat
1503,u-47700
1504,pink heroin
1505,pinky
1506,u4
1507,cannabis
1508,marijuana
1509,peliroja
1510,pelosa
1511,phoenix
1512,pine
1513,pink panther
1514,pintura
1515,platinum cookies
1516,platinum jack
1517,pocket rocket
1518,popcorn
1519,porro
1520,pretendo
1521,prop 215
1522,puff
1523,purple haze
1524,purple og
1525,queen anns lace
1526,red hair
1527,ragweed
1528,railroad weed
1529,rainy day woman
1530,rasta weed
1531,red cross
1532,red dirt
1533,reefer
1534,reggie
1535,repollo
1536,righteous bush
1537,rosa maria
1538,salt and pepper
1539,santa marta
1540,sasafras
1541,sativa
1542,sinsemilla
1543,shmagma
1544,shora
1545,shrimp
1546,shwag
1547,skunk
1548,skywalker
1549,smoochy woochy poochy
1550,smoke canada
1551,sour og
1552,spliff
1553,sticky
1554,stink weed
1555,sugar weed
1556,sweet lucy
1557,tahoe
1558,tangy og
1559,terp
1560,terpenes
1561,tex-mex
1562,texas tea
1563,tigitty
1564,tila
1565,tims
1566,top shelf
1567,tosca
1568,train wreck
1569,trinity og
1570,tweeds
1571,valle
1572,wake and bake
1573,weed
1574,weed tea
1575,wheat
1576,white-haired lady
1577,wooz
1578,yellow submarine
1579,yen pop
1580,yerba
1581,yesca
1582,young girls
1583,zacate
1584,zacatecas
1585,zambi
1586,zip
1587,zoom
1588,jon-jem
1589,joy smoke
1590,juan valdez
1591,jungle juice
1592,kaff
1593,kali
1594,kaya
1595,kb
1596,kentucky blue
1597,kgb
1598,khalifa
1599,kiff
1600,killa
1601,kilter
1602,king louie
1603,kona gold
1604,kumba
1605,kush
1606,laughing grass
1607,laughing weed
1608,leaf
1609,lechuga
1610,lemon-lime
1611,lea
1612,liamba
1613,lime pillows
1614,little green friends
1615,little smoke
1616,llesca
1617,loaf
1618,lobo
1619,loco weed
1620,love nuggets
1621,love weed
1622,lucas
1623,m.j.
1624,macoa
1625,mafafa
1626,magic smoke
1627,manhattan silver
1628,manteca
1629,maracachafa
1630,maria
1631,marimba
1632,mariquita
1633,mary ann
1634,mary jane
1635,mary jones
1636,mary warner
1637,mary weaver
1638,matchbox
1639,matraca
1640,maui wowie
1641,meg
1642,mersh
1643,mexican brown
1644,mexicali haze
1645,mexican green
1646,mexican red
1647,mmj
1648,mochie
1649,moã±a
1650,monte
1651,moocah
1652,mootie
1653,mora
1654,morisqueta
1655,mostaza
1656,mota
1657,mowing the lawn
1658,muggie
1659,my brother
1660,narizona
1661,northern lights
1662,nug
1663,o-boy
1664,og
1665,o.j.
1666,owl
1667,paja
1668,paloma
1669,palomita
1670,panama cut
1671,panama gold
1672,panama red
1673,pakalolo
1674,parsley
1675,pasto
1676,pasture
1677,dew
1678,diesel
1679,dimba
1680,dinkie dow
1681,diosa verde
1682,dirt grass
1683,ditch weed
1684,dizz
1685,djamba
1686,dody
1687,dojo
1688,donna juana
1689,doobie
1690,downtown brown
1691,drag weed
1692,dro
1693,droski
1694,dry high
1695,elefante pata
1696,endo
1697,escoba
1698,fattie
1699,fine stuff
1700,flower tops
1701,fluffy
1702,fuzzy lady
1703,gallina
1704,gallito
1705,garifa
1706,gauge
1707,gangster
1708,ganja
1709,gash
1710,gato
1711,ghana
1712,gigi
1713,giggle smoke
1714,giggle weed
1715,girl scout cookies
1716,gloria
1717,gold leaf
1718,gold star
1719,gong
1720,good giggles
1721,gorilla
1722,gorilla glue
1723,grand daddy purp
1724,grasshopper
1725,green crack
1726,green-eyed girl
1727,green eyes
1728,green goblin
1729,green goddess
1730,green mercedes benz
1731,green paint
1732,green skunk
1733,greenhouse
1734,grenuda
1735,greta
1736,guardada
1737,gummy bears
1738,gunga
1739,hairy ones
1740,hash
1741,hawaiian
1742,hemp
1743,herb
1744,hierba
1745,holy grail
1746,homegrown
1747,hooch
1748,hoja
1749,humo
1750,hydro
1751,indian boy
1752,indian hay
1753,jamaican gold
1754,jamaican red
1755,jive
1756,jolly green
1757,420
1758,a-bomb
1759,acapulco gold
1760,acapulco red
1761,african black
1762,african bush
1763,airplane
1764,alfalfa
1765,alfombra
1766,alice b toklas
1767,all-star
1768,almohada
1769,angola
1770,animal cookies
1771,arizona
1772,ashes
1773,aunt mary
1774,az
1775,bale
1776,bambalachacha
1777,barbara jean
1778,bareta
1779,bash
1780,bazooka
1781,bc budd
1782,bernie
1783,bhang
1784,big pillows
1785,biggy
1786,bionic
1787,black bart
1788,black gold
1789,black maria
1790,blondie
1791,blue cheese
1792,blue crush
1793,blue dream
1794,blue jeans
1795,blue sage
1796,blueberry
1797,bobo bush
1798,boo
1799,boom
1800,broccoli
1801,bud
1802,budda
1803,burritos verdes
1804,bush
1805,cabbage
1806,cafã©
1807,cajita
1808,cali
1809,camara
1810,canadian black
1811,catnip
1812,cheeba
1813,chernobyl
1814,cheese
1815,chicago black
1816,chicago green
1817,chippie
1818,chistosa
1819,christmas tree
1820,chronic
1821,churro
1822,cigars
1823,citrol
1824,cola
1825,colorado cocktail
1826,cookie
1827,cotorritos
1828,crazy weed
1829,creeper bud
1830,crippy
1831,crying weed
1832,culican
1833,dank
1834,devil’s lettuce
1835,marijuana concentrates/hash oil
1836,hash oil
1837,hash
1838,710
1839,bhno
1840,bho
1841,black glass
1842,bubble hash
1843,budder
1844,butane hash oil
1845,butane honey oil
1846,caviar
1847,cbd
1848,cbd oil
1849,crystalline
1850,crumble
1851,dabs
1852,dipper
1853,ear wax
1854,edibles
1855,enail
1856,errl
1857,extract
1858,full melt
1859,glob
1860,gorilla glue
1861,heady
1862,honey oil
1863,iwe
1864,ice water hash
1865,klear
1866,live resin
1867,moon rocks
1868,rosin
1869,rosin tech
1870,sap
1871,shatter
1872,solventless
1873,terp sauce
1874,thca
1875,thca crystal
1876,thca crystalline
1877,thca powder
1878,trichrome
1879,wax
1880,synthetic cannabinoids
1881,abyss
1882,ace of spades
1883,ak-47
1884,amnesia
1885,atomic blast
1886,big bang
1887,black magic smoke
1888,black mamba
1889,420
1890,blaze
1891,bliss
1892,blue cheese
1893,bombay blue
1894,brain freeze
1895,buzz haze
1896,cherry bomb
1897,chill
1898,chrome
1899,clockwork orange
1900,cloud 10
1901,cowboy kush
1902,crystal skull
1903,dead man
1904,devil’s venom
1905,dr. feel good
1906,dragon eye
1907,earth blend
1908,exodus
1909,fake bake
1910,fruit candy flavors
1911,funky buddha
1912,funky monkey
1913,garden salad
1914,genie
1915,g-force
1916,gi joe
1917,green dream
1918,green peace
1919,hammer head
1920,helix
1921,hipster
1922,hysteria
1923,ice dragon
1924,joker
1925,juicy leaf
1926,jungle juice
1927,just chill
1928,k2
1929,kaos
1930,karma
1931,kong
1932,krazy kandy
1933,kryp2nite
1934,kush
1935,layer cake
1936,limitless
1937,mad hatter
1938,mile high
1939,mystique
1940,ninja
1941,odyssey
1942,omg
1943,pandora’s box
1944,phoenix
1945,pineapple express
1946,posh
1947,potpourri
1948,pow
1949,rapture
1950,red magic
1951,rewind
1952,scooby snax
1953,sexy
1954,sky high
1955,snake bite
1956,solar flare
1957,spice
1958,spike diamond
1959,sweet leaf
1960,synthetic marijuana
1961,terraband
1962,time traveler
1963,top gear
1964,train wreck
1965,viper
1966,voodoo child
1967,wazabi
1968,wicked
1969,wizard
1970,xtreme
1971,yucatan
1972,yucatan fire
1973,zero gravity
1974,zohai
1975,zombie
1976,synthetic cathinones
1977,bath blow
1978,bath salts
1979,bliss
1980,bloom
1981,blue silk
1982,bubbles
1983,cloud 9
1984,cloud nine
1985,cosmic beast
1986,drone
1987,energy-1
1988,flakka
1989,gravel
1990,insect repellent
1991,ivory wave
1992,jewelry cleaner
1993,lunar wave
1994,m-cat
1995,meow-meow
1996,ocean burst
1997,phone screen cleaner
1998,plant feeder
1999,plant food
2000,pure ivory
2001,purple wave
2002,recharge
2003,red dove
2004,salting
2005,scarface
2006,snow leopard
2007,stardust
2008,vanilla sky
2009,white dove
2010,white knight
2011,white lightening
2012,white lightning
2013,white magic
2014,wicked x
2015,zoom
2016,codeine
2017,captain cody
2018,cody
2019,schoolboy
2020,doors & fours
2021,pancakes & syrup
2022,loads
2023,little c
2024,phenergan
2025,purple drank
2026,sizzurp
2027,texas tea
2028,isonipecaine
2029,pethidine
2030,meperidine
2031,demmies
2032,pain killer
2033,abstral
2034,actiq
2035,avinza
2036,butrans
2037,demerol
2038,dilaudid
2039,dolophine
2040,duragesic
2041,fentora
2042,hysingla
2043,methadose
2044,amidone
2045,dollies
2046,dolls
2047,fizzies
2048,red rock
2049,tootisie roll
2050,morphabond
2051,nucynta er
2052,onsolis
2053,oramorph
2054,oxaydo
2055,roxanol-t
2056,sublimaze
2057,xtampza er
2058,zohydro er
2059,anexsia
2060,co-gesic
2061,embeda
2062,exalgo
2063,hycet
2064,hycodan
2065,hydromet
2066,ibudone
2067,kadian
2068,liquicet
2069,lorcet
2070,lorcet plus
2071,lortab
2072,maxidone
2073,ms contin
2074,duramorph
2075,norco
2076,opana er
2077,biscuits
2078,blue heaven
2079,mrs. o
2080,o bomb
2081,octagons
2082,stop signs
2083,oxycontin
2084,oxycet
2085,palladone
2086,percocet
2087,percodan
2088,reprexain
2089,rezira
2090,roxicet
2091,targiniq er
2092,tussicaps
2093,tussionex
2094,tuzistra xr
2095,tylenol #3 and #4
2096,vicodin
2097,vicodin es
2098,vicodin hp
2099,vicoprofen
2100,vituz
2101,xartemis xr
2102,xodol
2103,zolvit
2104,zutripro
2105,zydone
2106,fentanyl
2107,lysergic acid diethylamide
2108,lsd
2109,acid
2110,blotter
2111,dots
2112,electric kool aid
2113,lucy in the sky with diamonds
2114,purple haze
2115,sugar cubes
2116,yellow sunshine
2117,psilocybin
2118,psilocin
2119,mushrooms
2120,shrooms
2121,shroomies
2122,magic mushrooms
2123,alice
2124,boomers
2125,caps
2126,cow patties
2127,fungus
2128,hongos
2129,mushies
2130,pizza toppings
2131,tweezes
2132,lorazepam
2133,antivan
2134,downers
2135,sleeping pills
2136,tranks
2137,triazolam
2138,halcion
2139,downers
2140,sleeping pills
2141,tranks
2142,chlordiazepoxide
2143,librium
2144,downers
2145,sleeping pills
2146,tranks
2147,flunitrazepam
2148,rohypnol
2149,date rape drug
2150,forget-me pill
2151,la rocha
2152,lunch money
2153,mexican valium
2154,mind eraser
2155,roofies
2156,wolfies
2157,diazepam
2158,valium
2159,jellies
2160,moggies
2161,vallies
2162,ayahuasca
2163,aya
2164,hoasca
2165,yage
2166,dmt
2167,"n,n-dimethyltryptamine"
2168,the spirit molecule
2169,dimitri
2170,ghb
2171,gamma-hydroxybutyric
2172,date rape drug
2173,geeb
2174,georgia home boy
2175,gina
2176,goop
2177,grievous bodily harm
2178,liquid e
2179,liquid x
2180,scoop
2181,ketamine
2182,blind squid
2183,cat valium
2184,k
2185,k-hold
2186,special k
2187,super acid
2188,vitamin k
2189,khat
2190,abyssinian tea
2191,african salad
2192,catha
2193,chat
2194,kat
2195,oat
2196,qat
2197,kratom
2198,biak-biak
2199,herbal speedball
2200,ithang
2201,kahyam
2202,ketum
2203,thom
2204,mescaline
2205,big chief
2206,blue caps
2207,buttons
2208,cactus
2209,mescal
2210,san pedro
2211,topi
2212,phencyclidine
2213,pcp
2214,angel dust
2215,butt naked
2216,purple rain
2217,rocket fuel
2218,stardust
2219,yellow fever
2220,zombie
2221,peyote
2222,black button
2223,cactus
2224,green button
2225,half moon
2226,nubs
2227,shaman
2228,tops
2229,salvia
2230,salvia divinorum
2231,diviner’s sage
2232,magic mint
2233,maria pastora
2234,sally-d
2235,amyl nitrate
2236,ames
2237,amies
2238,amys
2239,pearls
2240,poppers
2241,isobutyl nitrate
2242,aroma of men
2243,bolt
2244,climax
2245,hardware
2246,locker room
2247,poppers
2248,quicksilver
2249,snappers
2250,nitrous oxide
2251,buzz bomb
2252,hippie crack
2253,laughing gas
2254,whippets
2255,propoxyphene
2256,darvocet
2257,darvon
2258,footballs
2259,n’s
2260,pink footballs
2261,pinks
2262,yellow footballs
2263,65s
2264,tramadol
2265,ultram
2266,chill pills
2267,trammies
2268,ultras
2269,dimenhydrinate
2270,dramamine
2271,dime
2272,dime tabs
2273,substance d
2274,dxm
2275,dextromethorphan
2276,dex
2277,dextro
2278,drix
2279,poor man’s ecstasy
2280,red devils
2281,robo
2282,robotripping
2283,triple c
2284,tussin
2285,pseudoephedrine
2286,sudafed
2287,chalk
2288,crank
2289,meth
2290,zolpidem
2291,ambien
2292,date rape drug
2293,forget-me pill
2294,mexican valium
2295,r2
2296,roche
2297,roofies
2298,roofinol
2299,rophies
2300,eszopiclone
2301,lunesta
2302,date rape drug
2303,forget-me pill
2304,mexican valium
2305,r2
2306,roche
2307,roofies
2308,roofinol
2309,rophies
2310,sonata
2311,zaleplon
2312,date rape drug
2313,forget-me pill
2314,mexican valium
2315,r2
2316,roche
2317,roofies
2318,roofinol
2319,rophies
2320,amobarbital
2321,amytal
2322,barbs
2323,red birds
2324,reds
2325,yellows
2326,yellow jackets
2327,paroxetine
2328,paxil
2329,bottled smiles
2330,happy pill
2331,miracle drug
2332,wonder drug
2333,fluoxetine
2334,prozac
2335,bottled smiles
2336,happy pill
2337,miracle drug
2338,wonder drug
2339,sertraline
2340,zoloft
2341,bottled smiles
2342,happy pill
2343,miracle drug
2344,wonder drug
2345,phentermine
2346,ionamin
2347,adipex
2348,crank
2349,fastin
2350,fen-phen
2351,nandrolone
2352,testosterone
2353,arnolds
2354,gym candy
2355,juice
2356,muscle builders
2357,pumpers
2358,roids
2359,stackers
2360,weight gainers
2361,steroids
2362,arnolds
2363,gym candy
2364,juice
2365,muscle builders
2366,pumpers
2367,roids
2368,stackers
2369,weight gainers
2370,steroids
2371,hydromorphone
2372,oxymorphone
2373,methadone
2374,tapentadol
