name,common_name,name_type
Apache,fentanyl,street_name
Birria,fentanyl,street_name
Blonde,fentanyl,street_name
Blue Diamond,fentanyl,street_name
Blue Dolphin,fentanyl,street_name
Blues,fentanyl,street_name
Butter,fentanyl,street_name
China Girl,fentanyl,street_name
China Town,fentanyl,street_name
China White,fentanyl,street_name
Chinese,fentanyl,street_name
Chinese Buffet,fentanyl,street_name
Chinese Food Crazy,fentanyl,street_name
Crazy One,fentanyl,street_name
Dance Fever,fentanyl,street_name
Dragon,fentanyl,street_name
Dragon’s Breath,fentanyl,street_name
F,fentanyl,street_name
Food,fentanyl,street_name
Freddy,fentanyl,street_name
Fuf,fentanyl,street_name
Facebook,fentanyl,street_name
Fent,fentanyl,street_name
Fenty,fentanyl,street_name
Fire,fentanyl,street_name
Friend,fentanyl,street_name
Girl,fentanyl,street_name
Goodfella,fentanyl,street_name
Great Bear,fentanyl,street_name
Gray Stuff,fentanyl,street_name
He-Man,fentanyl,street_name
Heineken,fentanyl,street_name
Huerfanito,fentanyl,street_name
Humid,fentanyl,street_name
Jackpot,fentanyl,street_name
King Ivory,fentanyl,street_name
Lollipop,fentanyl,street_name
Murder 8,fentanyl,street_name
Nal,fentanyl,street_name
Nil,fentanyl,street_name
Nyl,fentanyl,street_name
Opes,fentanyl,street_name
Pharmacy,fentanyl,street_name
Poison,fentanyl,street_name
Shoes,fentanyl,street_name
Snowflake,fentanyl,street_name
Tango and Cash,fentanyl,street_name
TNT,fentanyl,street_name
Toe Tag Dope,fentanyl,street_name
White Girl,fentanyl,street_name
White Ladies,fentanyl,street_name
Herion,heroin,street_name
Abajo,heroin,street_name
A-Bomb,heroin,street_name
Achivia,heroin,street_name
Adormidera,heroin,street_name
Amarilla,heroin,street_name
Anestesia de Caballo,heroin,street_name
Antifreeze,heroin,street_name
Apodo,heroin,street_name
Arpon,heroin,street_name
Aunt Hazel,heroin,street_name
Avocado,heroin,street_name
Azucar,heroin,street_name
Bad Seed,heroin,street_name
Baja Corte,heroin,street_name
Ballot,heroin,street_name
Basketball,heroin,street_name
Basura,heroin,street_name
Beast,heroin,street_name
Beyonce,heroin,street_name
Big Bag,heroin,street_name
Big H,heroin,street_name
Big Harry,heroin,street_name
Bird,heroin,street_name
Birdie Powder,heroin,street_name
Birria,heroin,street_name
Birria Blanca,heroin,street_name
Black,heroin,street_name
Black Bitch,heroin,street_name
Black Goat,heroin,street_name
Black Olives,heroin,street_name
Black Paint,heroin,street_name
Black Pearl,heroin,street_name
Black Sheep,heroin,street_name
Black Shirt,heroin,street_name
Black Tar,heroin,street_name
Blanco,heroin,street_name
Blue,heroin,street_name
Blow Dope,heroin,street_name
Blue Hero,heroin,street_name
Bombita,heroin,street_name
Bombs Away,heroin,street_name
Bonita,heroin,street_name
Boy,heroin,street_name
Bozo,heroin,street_name
Brea Negra,heroin,street_name
Brick Gum,heroin,street_name
Brown,heroin,street_name
Brown Crystal,heroin,street_name
Brown Rhine,heroin,street_name
Brown Sugar,heroin,street_name
Bubble Gum,heroin,street_name
Burrito,heroin,street_name
Butter,heroin,street_name
Caballo,heroin,street_name
Caballo Negro,heroin,street_name
Caca,heroin,street_name
Café,heroin,street_name
Cajeta,heroin,street_name
Capital H,heroin,street_name
Cardio,heroin,street_name
Carga,heroin,street_name
Caro,heroin,street_name
Cement,heroin,street_name
Certificada,heroin,street_name
Chapopote,heroin,street_name
Charlie,heroin,street_name
Charlie Horse,heroin,street_name
Chavo,heroin,street_name
Cheese,heroin,street_name
Chicle,heroin,street_name
Chiclosa,heroin,street_name
China,heroin,street_name
China Blanca,heroin,street_name
China Cat,heroin,street_name
China White,heroin,street_name
Chinese Buffet,heroin,street_name
Chinese Food,heroin,street_name
Chinese Red,heroin,street_name
Chip,heroin,street_name
Chiva,heroin,street_name
Chiva Blanca,heroin,street_name
Chiva Loca,heroin,street_name
Chiva Negra,heroin,street_name
Chivones,heroin,street_name
Chocolate,heroin,street_name
Chocolate Balls,heroin,street_name
Chocolate Shake,heroin,street_name
Choko,heroin,street_name
Chorizo,heroin,street_name
Churro Negro,heroin,street_name
Chutazo,heroin,street_name
Coco,heroin,street_name
Coffee,heroin,street_name
Cohete,heroin,street_name
Comida,heroin,street_name
Crown Crap,heroin,street_name
Curley Hair,heroin,street_name
Dark,heroin,street_name
Dark Girl,heroin,street_name
Dark Kind,heroin,street_name
Dead on Arrival,heroin,street_name
Diesel,heroin,street_name
Dirt,heroin,street_name
Dog Food,heroin,street_name
Doggie,heroin,street_name
Doojee,heroin,street_name
Dope,heroin,street_name
Dorado,heroin,street_name
Down,heroin,street_name
Downtown,heroin,street_name
Dragon,heroin,street_name
Dreck,heroin,street_name
Dynamite,heroin,street_name
Dyno,heroin,street_name
El Diablo,heroin,street_name
Engines,heroin,street_name
Enrique Grande,heroin,street_name
Esquina,heroin,street_name
Esquinilla,heroin,street_name
Fairy Dust,heroin,street_name
Flea Powder,heroin,street_name
Food,heroin,street_name
Foolish Powder,heroin,street_name
Galloping Horse,heroin,street_name
Gamot,heroin,street_name
Gato,heroin,street_name
George Smack,heroin,street_name
Girl,heroin,street_name
Globo,heroin,street_name
Goat,heroin,street_name
Golden Girl,heroin,street_name
Good and Plenty,heroin,street_name
Good H,heroin,street_name
Goofball,heroin,street_name
Goma,heroin,street_name
Gorda,heroin,street_name
Gras,heroin,street_name
Grasin,heroin,street_name
Gravy,heroin,street_name
Gum,heroin,street_name
H,heroin,street_name
H-Caps,heroin,street_name
Hairy,heroin,street_name
Hard Candy,heroin,street_name
Hard One,heroin,street_name
Harry,heroin,street_name
Hats,heroin,street_name
Hazel,heroin,street_name
Heaven Dust,heroin,street_name
Heavy,heroin,street_name
Helen,heroin,street_name
Helicopter,heroin,street_name
Hell Dust,heroin,street_name
Henry,heroin,street_name
Hercules,heroin,street_name
Hero,heroin,street_name
Him,heroin,street_name
Hombre,heroin,street_name
Horse,heroin,street_name
Hot Dope,heroin,street_name
Huera,heroin,street_name
Hummers,heroin,street_name
Jojee,heroin,street_name
Joy Flakes,heroin,street_name
Joy Powder,heroin,street_name
Junk,heroin,street_name
Kabayo,heroin,street_name
Karachi,heroin,street_name
Karate,heroin,street_name
King’s Tickets,heroin,street_name
La Tierra,heroin,street_name
Lemonade,heroin,street_name
Lenta,heroin,street_name
Lifesaver,heroin,street_name
Manteca,heroin,street_name
Marias,heroin,street_name
Marrion,heroin,street_name
Mayo,heroin,street_name
Mazpan,heroin,street_name
Meal,heroin,street_name
Menthol,heroin,street_name
Mexican Brown,heroin,street_name
Mexican Food,heroin,street_name
Mexican Horse,heroin,street_name
Mexican Mud,heroin,street_name
Mexican Treat,heroin,street_name
Modelo Negra,heroin,street_name
Mojo,heroin,street_name
Mole,heroin,street_name
Mongega,heroin,street_name
Morena,heroin,street_name
Morenita,heroin,street_name
Mortal Combat,heroin,street_name
Motors,heroin,street_name
Mud,heroin,street_name
Mujer,heroin,street_name
Murcielago,heroin,street_name
Muzzle,heroin,street_name
Nanoo,heroin,street_name
Negra,heroin,street_name
Negra Tomasa,heroin,street_name
Negrita,heroin,street_name
Nice and Easy,heroin,street_name
Night,heroin,street_name
Noise,heroin,street_name
Obama,heroin,street_name
Old Steve,heroin,street_name
Pants,heroin,street_name
Patty,heroin,street_name
Peg,heroin,street_name
P-Funk,heroin,street_name
Piezas,heroin,street_name
Plata,heroin,street_name
Poison,heroin,street_name
Polvo,heroin,street_name
Polvo de Alegria,heroin,street_name
Polvo de Estrellas,heroin,street_name
Polvo Feliz,heroin,street_name
Poppy,heroin,street_name
Powder,heroin,street_name
Prostituta Negra,heroin,street_name
Puppy,heroin,street_name
Pure,heroin,street_name
Rambo,heroin,street_name
Raw,heroin,street_name
Red Chicken,heroin,street_name
Red Eagle,heroin,street_name
Reindeer Dust,heroin,street_name
Roofing Tar,heroin,street_name
Ruby,heroin,street_name
Sack,heroin,street_name
Salt,heroin,street_name
Sand,heroin,street_name
Scag,heroin,street_name
Scat,heroin,street_name
Schmeck,heroin,street_name
Scramble,heroin,street_name
Sheep,heroin,street_name
Shirts,heroin,street_name
Shoes,heroin,street_name
Skag,heroin,street_name
Skunk,heroin,street_name
Slime,heroin,street_name
Smack,heroin,street_name
Smeck,heroin,street_name
Snickers,heroin,street_name
Soda,heroin,street_name
Speedball,heroin,street_name
Spider Blue,heroin,street_name
Sticky Kind,heroin,street_name
Stufa,heroin,street_name
Sugar,heroin,street_name
Sweet Jesus,heroin,street_name
Tan,heroin,street_name
Tar,heroin,street_name
Tecata,heroin,street_name
Thunder,heroin,street_name
Tires,heroin,street_name
Tomasa,heroin,street_name
Tootsie Roll,heroin,street_name
Tragic Magic,heroin,street_name
Trees,heroin,street_name
Turtle,heroin,street_name
Vidrio,heroin,street_name
Weights,heroin,street_name
Whiskey,heroin,street_name
White,heroin,street_name
White Boy,heroin,street_name
White Girl,heroin,street_name
White Junk,heroin,street_name
White Lady,heroin,street_name
White Nurse,heroin,street_name
White Shirt,heroin,street_name
White Stuff,heroin,street_name
Wings,heroin,street_name
Witch,heroin,street_name
Witch Hazel,heroin,street_name
Zapapote,heroin,street_name
512s,percocet,street_name
Bananas,percocet,street_name
Blue,percocet,street_name
Blue Dynamite,percocet,street_name
Blueberries,percocet,street_name
Buttons,percocet,street_name
Ercs,percocet,street_name
Greenies,percocet,street_name
Hillbilly Heroin,percocet,street_name
Kickers,percocet,street_name
M-30s,percocet,street_name
Paulas,percocet,street_name
Percs,percocet,street_name
Rims,percocet,street_name
Tires,percocet,street_name
Wheels,percocet,street_name
Perks,percocet,street_name
Bars,xanax,street_name
Benzos,xanax,street_name
Bicycle Handle Bars,xanax,street_name
Bicycle Parts,xanax,street_name
Bricks,xanax,street_name
Footballs,xanax,street_name
Handlebars,xanax,street_name
Hulk,xanax,street_name
L7,xanax,street_name
Ladders,xanax,street_name
Palitroque,xanax,street_name
Planks,xanax,street_name
School Bus,xanax,street_name
Sticks,xanax,street_name
Upjohns,xanax,street_name
White Boys,xanax,street_name
White Girls,xanax,street_name
Xanies,xanax,street_name
Yellow Boys,xanax,street_name
Zanbars,xanax,street_name
Zannies,xanax,street_name
Z-Bars,xanax,street_name
Acelerador,amphetamine,street_name
Amy,amphetamine,street_name
Amps,amphetamine,street_name
Bam,amphetamine,street_name
B-Bombs,amphetamine,street_name
Beans,amphetamine,street_name
Bennies,amphetamine,street_name
Benz,amphetamine,street_name
Black and Whites,amphetamine,street_name
Black Beauties,amphetamine,street_name
Black Birds,amphetamine,street_name
Black Bombers,amphetamine,street_name
Black Mollies,amphetamine,street_name
Blacks,amphetamine,street_name
Blue Boys,amphetamine,street_name
Bombita,amphetamine,street_name
Brain Ticklers,amphetamine,street_name
Brownies,amphetamine,street_name
Bumblebees,amphetamine,street_name
Cartwheels,amphetamine,street_name
Chalk,amphetamine,street_name
Chicken Powder,amphetamine,street_name
Chochos,amphetamine,street_name
Chocolates,amphetamine,street_name
Christina,amphetamine,street_name
Chunk,amphetamine,street_name
Co-Pilot,amphetamine,street_name
Coast-to-Coasts,amphetamine,street_name
Crisscross,amphetamine,street_name
Cross Roads,amphetamine,street_name
Cross Tops,amphetamine,street_name
Crosses,amphetamine,street_name
Debs,amphetamine,street_name
Dexies,amphetamine,street_name
Diablos,amphetamine,street_name
Diamonds,amphetamine,street_name
Diet Pills,amphetamine,street_name
Dolls,amphetamine,street_name
Dominoes,amphetamine,street_name
Double Cross,amphetamine,street_name
Drivers,amphetamine,street_name
Dulces,amphetamine,street_name
Fives,amphetamine,street_name
Flour,amphetamine,street_name
Footballs,amphetamine,street_name
French Blues,amphetamine,street_name
Geeked Up,amphetamine,street_name
Goofballs,amphetamine,street_name
Greenies,amphetamine,street_name
Head Drugs,amphetamine,street_name
Hearts,amphetamine,street_name
Horse Heads,amphetamine,street_name
In-Betweens,amphetamine,street_name
Jelly Babies,amphetamine,street_name
Jelly Beans,amphetamine,street_name
Jolly Beans,amphetamine,street_name
Jugs,amphetamine,street_name
LA Turnaround,amphetamine,street_name
Leapers,amphetamine,street_name
Lid Poppers,amphetamine,street_name
Lightening,amphetamine,street_name
Little Bombs,amphetamine,street_name
Marathons,amphetamine,street_name
Mini Beans,amphetamine,street_name
Mini Bennies,amphetamine,street_name
Morning Shot,amphetamine,street_name
Nuggets,amphetamine,street_name
Oranges,amphetamine,street_name
Pastas,amphetamine,street_name
Pastillas,amphetamine,street_name
Peaches,amphetamine,street_name
Pep Pills,amphetamine,street_name
Pepper,amphetamine,street_name
Pingas,amphetamine,street_name
Pink Hearts,amphetamine,street_name
Pixies,amphetamine,street_name
Pollutants,amphetamine,street_name
Purple Hearts,amphetamine,street_name
Rhythm,amphetamine,street_name
Rippers,amphetamine,street_name
Road Dope,amphetamine,street_name
Roses,amphetamine,street_name
Rueda,amphetamine,street_name
Snaps,amphetamine,street_name
Snow Pallets,amphetamine,street_name
Sparkle Plenty,amphetamine,street_name
Sparklers,amphetamine,street_name
Speed,amphetamine,street_name
Splash,amphetamine,street_name
Sweeties,amphetamine,street_name
Sweets,amphetamine,street_name
Tens,amphetamine,street_name
Thrusters,amphetamine,street_name
TR-6s,amphetamine,street_name
Truck Drivers,amphetamine,street_name
Turnabouts,amphetamine,street_name
Uppers,amphetamine,street_name
Wake Ups,amphetamine,street_name
West Coast Turnarounds,amphetamine,street_name
Wheels,amphetamine,street_name
Whiffle Dust,amphetamine,street_name
White Crosses,amphetamine,street_name
Whites,amphetamine,street_name
Zoomers,amphetamine,street_name
Juice,amphetamine,street_name
A-Train,adderall,street_name
Abby,adderall,street_name
Addy,adderall,street_name
Amps,adderall,street_name
Christmas Trees,adderall,street_name
Co-Pilots,adderall,street_name
Lid Poppers,adderall,street_name
Smart Pills,adderall,street_name
Smarties,adderall,street_name
Study Buddies,adderall,street_name
Study Skittles,adderall,street_name
Truck Drivers,adderall,street_name
Zing,adderall,street_name
Boxes,suboxone,street_name
Bupes,suboxone,street_name
Oranges,suboxone,street_name
Sobos,suboxone,street_name
Stop Signs,suboxone,street_name
Stops,suboxone,street_name
Subs,suboxone,street_name
Benzos,clonazepam,street_name
K,clonazepam,street_name
K-Pin,clonazepam,street_name
Pin,clonazepam,street_name
Super Valium,clonazepam,street_name
Tranks,clonazepam,street_name
klonopin,clonazepam,street_name
Regular Kind,cocaine,street_name
Regular Work,cocaine,street_name
Reindeer Dust,cocaine,street_name
Richie,cocaine,street_name
Rims,cocaine,street_name
Rocky Mountain,cocaine,street_name
Rolex,cocaine,street_name
Rolex HH,cocaine,street_name
Rooster,cocaine,street_name
Scale,cocaine,street_name
Schmeck,cocaine,street_name
Schoolboy,cocaine,street_name
Scorpion,cocaine,street_name
Scottie,cocaine,street_name
Seed,cocaine,street_name
Serpico,cocaine,street_name
Sierra,cocaine,street_name
Shirt,cocaine,street_name
Ski Equipment,cocaine,street_name
Sleigh Ride,cocaine,street_name
Sneeze,cocaine,street_name
Sniff,cocaine,street_name
Snow,cocaine,street_name
Snow Bird,cocaine,street_name
Snow Cone,cocaine,street_name
Snow White,cocaine,street_name
Snowball,cocaine,street_name
Snowflake,cocaine,street_name
Society High,cocaine,street_name
Soda,cocaine,street_name
Soditas,cocaine,street_name
Soft,cocaine,street_name
Space,cocaine,street_name
Special,cocaine,street_name
Speedball,cocaine,street_name
Stardust,cocaine,street_name
Star Spangled Powder,cocaine,street_name
Studio Fuel,cocaine,street_name
Suave,cocaine,street_name
Sugar,cocaine,street_name
Superman,cocaine,street_name
Sweet Stuff,cocaine,street_name
Tabique,cocaine,street_name
Tablas,cocaine,street_name
Talco,cocaine,street_name
Talquito,cocaine,street_name
Tamales,cocaine,street_name
Taxi,cocaine,street_name
Tecate,cocaine,street_name
Teenager,cocaine,street_name
Teeth,cocaine,street_name
Tequila,cocaine,street_name
Thunder,cocaine,street_name
Tire,cocaine,street_name
Tonto,cocaine,street_name
Toot,cocaine,street_name
Tortes,cocaine,street_name
Tortuga,cocaine,street_name
Toyota,cocaine,street_name
T-Shirts,cocaine,street_name
Tubo,cocaine,street_name
Tucibi,cocaine,street_name
Turkey,cocaine,street_name
Tutti-Frutti,cocaine,street_name
Vaquita,cocaine,street_name
Wash,cocaine,street_name
Wet,cocaine,street_name
Whack,cocaine,street_name
White,cocaine,street_name
White Bitch,cocaine,street_name
White Cross,cocaine,street_name
White Dove,cocaine,street_name
White Girl,cocaine,street_name
White Goat,cocaine,street_name
White Horse,cocaine,street_name
White Lady,cocaine,street_name
White Mercedes Benz,cocaine,street_name
White Mosquito,cocaine,street_name
White Paint,cocaine,street_name
White Powder,cocaine,street_name
White Rock,cocaine,street_name
White Root,cocaine,street_name
White Shirt,cocaine,street_name
White T,cocaine,street_name
White Wall Tires,cocaine,street_name
Whitey,cocaine,street_name
Whiz Bang,cocaine,street_name
Wings,cocaine,street_name
Wooly,cocaine,street_name
Work,cocaine,street_name
Yayo,cocaine,street_name
Yeyo,cocaine,street_name
Yoda,cocaine,street_name
Zapato,cocaine,street_name
Zip,cocaine,street_name
Hunter,cocaine,street_name
Ice Cream,cocaine,street_name
Icing,cocaine,street_name
Inca Message,cocaine,street_name
Izzy,cocaine,street_name
Jam,cocaine,street_name
Jaime Blanco,cocaine,street_name
Jaula,cocaine,street_name
Jeep,cocaine,street_name
Jelly,cocaine,street_name
John Deere,cocaine,street_name
Joy Flakes,cocaine,street_name
Joy Powder,cocaine,street_name
Juguetes,cocaine,street_name
Jump Rope,cocaine,street_name
Junk,cocaine,street_name
K13,cocaine,street_name
King’s Habit,cocaine,street_name
Kordell,cocaine,street_name
La Familia,cocaine,street_name
Lady,cocaine,street_name
Lady Snow,cocaine,street_name
Late Night,cocaine,street_name
Lavada,cocaine,street_name
Leaf,cocaine,street_name
Libreta,cocaine,street_name
Line,cocaine,street_name
Loaf,cocaine,street_name
Love Affair,cocaine,street_name
LV,cocaine,street_name
Maca Flour,cocaine,street_name
Madera,cocaine,street_name
Mama Coca,cocaine,street_name
Mandango,cocaine,street_name
Manita,cocaine,street_name
Maradona,cocaine,street_name
Marbol,cocaine,street_name
Material,cocaine,street_name
Mayback,cocaine,street_name
Mayo,cocaine,street_name
Melcocha,cocaine,street_name
Media Lata,cocaine,street_name
Mercedes,cocaine,street_name
Milk,cocaine,street_name
Milonga,cocaine,street_name
Mojo,cocaine,street_name
Mona Lisa,cocaine,street_name
Monte,cocaine,street_name
Morro,cocaine,street_name
Mosquitos,cocaine,street_name
Movie Star Drug,cocaine,street_name
Muchacha,cocaine,street_name
Muebles,cocaine,street_name
Mujer,cocaine,street_name
Napkin,cocaine,street_name
Nieve,cocaine,street_name
Nina,cocaine,street_name
Normal,cocaine,street_name
Nose Candy,cocaine,street_name
Nose Powder,cocaine,street_name
Old Lady,cocaine,street_name
Oyster Stew,cocaine,street_name
Paint,cocaine,street_name
Paloma,cocaine,street_name
Paleta,cocaine,street_name
Palomos,cocaine,street_name
Pantalones,cocaine,street_name
Papas,cocaine,street_name
Paradise,cocaine,street_name
Paradise White,cocaine,street_name
Parrot,cocaine,street_name
Pearl,cocaine,street_name
Pedrito,cocaine,street_name
Perico,cocaine,street_name
Personal,cocaine,street_name
Peruvian,cocaine,street_name
Peruvian Flake,cocaine,street_name
Peruvian Lady,cocaine,street_name
Pescado,cocaine,street_name
Peta,cocaine,street_name
Pez,cocaine,street_name
Pichicata,cocaine,street_name
Pillow,cocaine,street_name
Pimp,cocaine,street_name
Pingas,cocaine,street_name
Pingos,cocaine,street_name
Pintura Blanca,cocaine,street_name
Poli,cocaine,street_name
Pollo,cocaine,street_name
Polvo,cocaine,street_name
Powder,cocaine,street_name
Powder Diamonds,cocaine,street_name
Puma,cocaine,street_name
Puritain,cocaine,street_name
Quadros,cocaine,street_name
Queso Blanco,cocaine,street_name
Racehorse Charlie,cocaine,street_name
Rambo,cocaine,street_name
Refresco,cocaine,street_name
Refrescas,cocaine,street_name
Chevy,cocaine,street_name
Cheyenne,cocaine,street_name
Chica,cocaine,street_name
Chicanitas,cocaine,street_name
Chinos,cocaine,street_name
Chiva,cocaine,street_name
Cielo,cocaine,street_name
Clear Kind,cocaine,street_name
Clear Tires,cocaine,street_name
Coca,cocaine,street_name
Coca-Cola,cocaine,street_name
Cocazo,cocaine,street_name
Coconut,cocaine,street_name
Coke,cocaine,street_name
Cola,cocaine,street_name
Colorado,cocaine,street_name
Comida,cocaine,street_name
Comida Dulce,cocaine,street_name
Connie,cocaine,street_name
Cookie,cocaine,street_name
Cosa,cocaine,street_name
Coso,cocaine,street_name
Cosos,cocaine,street_name
Crow,cocaine,street_name
Crusty Treats,cocaine,street_name
Cuadro,cocaine,street_name
Death Valley,cocaine,street_name
Designer Jeans,cocaine,street_name
Devil’s Dandruff,cocaine,street_name
Diamonds,cocaine,street_name
Diente,cocaine,street_name
Dienton,cocaine,street_name
Diesel,cocaine,street_name
Diosa Blanca,cocaine,street_name
Dona Blanca,cocaine,street_name
Double Bubble,cocaine,street_name
Double Letters,cocaine,street_name
Dove,cocaine,street_name
Dream,cocaine,street_name
Dulces,cocaine,street_name
Duracell,cocaine,street_name
Durazno,cocaine,street_name
Duro,cocaine,street_name
Dust,cocaine,street_name
Escama,cocaine,street_name
Escorpino,cocaine,street_name
Falopa,cocaine,street_name
Fef1,cocaine,street_name
Fichas,cocaine,street_name
Fiesta,cocaine,street_name
Fire,cocaine,street_name
Fish,cocaine,street_name
Fish Scale,cocaine,street_name
Flake,cocaine,street_name
Flea Market Jeans,cocaine,street_name
Florida Snow,cocaine,street_name
Flour,cocaine,street_name
Food,cocaine,street_name
Foolish Powder,cocaine,street_name
Fox,cocaine,street_name
Freeze,cocaine,street_name
Friskie Powder,cocaine,street_name
Frula,cocaine,street_name
Funtime,cocaine,street_name
Gabacho,cocaine,street_name
Galaxy,cocaine,street_name
Gallos,cocaine,street_name
Gato,cocaine,street_name
Gift of the Sun,cocaine,street_name
Gin,cocaine,street_name
Girl,cocaine,street_name
Girlfriend,cocaine,street_name
Glad Stuff,cocaine,street_name
Gold Dust,cocaine,street_name
Green Gold,cocaine,street_name
Gringa,cocaine,street_name
Gringito,cocaine,street_name
Grout,cocaine,street_name
Guerillo,cocaine,street_name
Gueros,cocaine,street_name
Guitar,cocaine,street_name
H1,cocaine,street_name
Hai Hit,cocaine,street_name
Hamburger,cocaine,street_name
Happy Dust,cocaine,street_name
Happy Powder,cocaine,street_name
Happy Trails,cocaine,street_name
Heaven,cocaine,street_name
Heaven Dust,cocaine,street_name
Heavy One,cocaine,street_name
Hen,cocaine,street_name
Henry VIII,cocaine,street_name
HH,cocaine,street_name
HHJ,cocaine,street_name
High Heat,cocaine,street_name
HMH,cocaine,street_name
Hooter,cocaine,street_name
Hundai,cocaine,street_name
7,cocaine,street_name
62,cocaine,street_name
77,cocaine,street_name
777,cocaine,street_name
921,cocaine,street_name
A-1,cocaine,street_name
Adidas,cocaine,street_name
All-American Drug,cocaine,street_name
Ancla,cocaine,street_name
Angel Powder,cocaine,street_name
Angie,cocaine,street_name
Animals,cocaine,street_name
Apache,cocaine,street_name
Apodo,cocaine,street_name
Arriba,cocaine,street_name
Audi,cocaine,street_name
Aunt Nora,cocaine,street_name
Azucar,cocaine,street_name
Baby Powder,cocaine,street_name
Barrato,cocaine,street_name
Basuco,cocaine,street_name
Bazooka,cocaine,street_name
Beach,cocaine,street_name
Belushi,cocaine,street_name
Bernice,cocaine,street_name
Bernie’s Flakes,cocaine,street_name
Bernie’s Gold Dust,cocaine,street_name
Big Bird,cocaine,street_name
Big Bloke,cocaine,street_name
Big C,cocaine,street_name
Big Flake,cocaine,street_name
Big Rush,cocaine,street_name
Billie Hoke,cocaine,street_name
Bird,cocaine,street_name
Birdie Powder,cocaine,street_name
Blanca Nieves,cocaine,street_name
Blanco,cocaine,street_name
Blast,cocaine,street_name
Blizzard,cocaine,street_name
Blonde,cocaine,street_name
Blocks,cocaine,street_name
Blow,cocaine,street_name
BMW,cocaine,street_name
Board,cocaine,street_name
Bobo,cocaine,street_name
Bolitas,cocaine,street_name
Bolivian Marching Powder,cocaine,street_name
Bombita,cocaine,street_name
Booger Sugar,cocaine,street_name
Bose,cocaine,street_name
Bouncing Powder,cocaine,street_name
Brisa,cocaine,street_name
Bump,cocaine,street_name
C-Dust,cocaine,street_name
Caballo,cocaine,street_name
Caca,cocaine,street_name
Cadillac,cocaine,street_name
California Pancakes,cocaine,street_name
Calves,cocaine,street_name
Canelon,cocaine,street_name
Candy,cocaine,street_name
Car,cocaine,street_name
Carney,cocaine,street_name
Carrie Nation,cocaine,street_name
Cars,cocaine,street_name
Case,cocaine,street_name
Cebolla,cocaine,street_name
Cecil,cocaine,street_name
Cement,cocaine,street_name
Charlie,cocaine,street_name
Devil Smoke,crack,street_name
Dice,crack,street_name
Dime Special,crack,street_name
Dirty Basing,crack,street_name
Dirty Fentanyl,crack,street_name
Double Yoke,crack,street_name
Durin,crack,street_name
Eastside Player,crack,street_name
Egg,crack,street_name
Eye Opener,crack,street_name
Famous Dimes,crack,street_name
Fat Bags,crack,street_name
Fifty-One,crack,street_name
Fish Scales,crack,street_name
Freebase,crack,street_name
French Fries,crack,street_name
Garbage Rock,crack,street_name
Geek,crack,street_name
Glo,crack,street_name
Gold,crack,street_name
Golf Ball,crack,street_name
Gravel,crack,street_name
Great White Hope,crack,street_name
Grit,crack,street_name
Groceries,crack,street_name
Hail,crack,street_name
Hamburger Helper,crack,street_name
Hard,crack,street_name
Hotcakes,crack,street_name
Hubba,crack,street_name
Ice,crack,street_name
Ice Cubes,crack,street_name
Issues,crack,street_name
Jelly Beans,crack,street_name
Johnson,crack,street_name
Kangaroo,crack,street_name
Kokoma,crack,street_name
Kryptonite,crack,street_name
Love,crack,street_name
Mixed Jive,crack,street_name
Moon Rock,crack,street_name
Nickle,crack,street_name
Nuggets,crack,street_name
One-Fifty-One,crack,street_name
Paste,crack,street_name
Pebbles,crack,street_name
Pee Wee,crack,street_name
Piedras,crack,street_name
Pile,crack,street_name
Pony,crack,street_name
Primo,crack,street_name
Quarters,crack,street_name
Raw,crack,street_name
Ready Rock,crack,street_name
Red Caps,crack,street_name
RIP,crack,street_name
Roca,crack,street_name
Rock,crack,street_name
Rock Attack,crack,street_name
Rocks of Hell,crack,street_name
Rocky III,crack,street_name
Rooster,crack,street_name
Rox,crack,street_name
Roxanne,crack,street_name
Roz,crack,street_name
Schoolcraft,crack,street_name
Scotty,crack,street_name
Scramble,crack,street_name
Scruples,crack,street_name
Seven-Up,crack,street_name
Sherms,crack,street_name
Sight Ball,crack,street_name
Slab,crack,street_name
Sleet,crack,street_name
Smoke,crack,street_name
Speed Boat,crack,street_name
Square Time Bomb,crack,street_name
Stone,crack,street_name
Sugar Block,crack,street_name
Takeover,crack,street_name
Teeth,crack,street_name
Tension,crack,street_name
Tissue,crack,street_name
Top Gun,crack,street_name
Troop,crack,street_name
Ultimate,crack,street_name
Up,crack,street_name
Uzi,crack,street_name
Wave,crack,street_name
White Ball,crack,street_name
White Ghost,crack,street_name
White Sugar,crack,street_name
White Tornado,crack,street_name
Wrecking Crew,crack,street_name
Yahoo,crack,street_name
Yale,crack,street_name
Yimyom,crack,street_name
51s,crack,street_name
151s,crack,street_name
501s,crack,street_name
Apple Jack,crack,street_name
Baby T,crack,street_name
Base,crack,street_name
Baseball,crack,street_name
Bazooka,crack,street_name
Beam Me Up,crack,street_name
Beautiful Boulders,crack,street_name
Beemer,crack,street_name
Bill Blass,crack,street_name
Bings,crack,street_name
BJ,crack,street_name
Black Rock,crack,street_name
Blowcaine,crack,street_name
Blowout,crack,street_name
Blue,crack,street_name
Bobo,crack,street_name
Bolo,crack,street_name
Bomb,crack,street_name
Bone Crusher,crack,street_name
Bone,crack,street_name
Boo-Boo,crack,street_name
Boulder,crack,street_name
Boy,crack,street_name
Breakfast of Champions,crack,street_name
Bubble Gum,crack,street_name
Bullion,crack,street_name
Bump,crack,street_name
Candy,crack,street_name
Caps,crack,street_name
Casper the Ghost,crack,street_name
Caviar,crack,street_name
CD,crack,street_name
Cheap Basing,crack,street_name
Chewies,crack,street_name
Chingy,crack,street_name
Clicker,crack,street_name
Climax,crack,street_name
Cloud,crack,street_name
Cloud Nine,crack,street_name
Cookies,crack,street_name
CRC,crack,street_name
Crib,crack,street_name
Crunch and Munch,crack,street_name
Devil,crack,street_name
Ecstasy,ecstasy/MDMA,street_name
MDMA,ecstasy/MDMA,street_name
Molly,ecstasy/MDMA,street_name
Adam,ecstasy/MDMA,street_name
Baby Slits,ecstasy/MDMA,street_name
Beans,ecstasy/MDMA,street_name
Blue Kisses,ecstasy/MDMA,street_name
Blue Superman,ecstasy/MDMA,street_name
Bombs,ecstasy/MDMA,street_name
Booty Juice,ecstasy/MDMA,street_name
Candy,ecstasy/MDMA,street_name
Chocolate Chips,ecstasy/MDMA,street_name
Clarity,ecstasy/MDMA,street_name
Dancing Shoes,ecstasy/MDMA,street_name
Decadence,ecstasy/MDMA,street_name
Disco Biscuits,ecstasy/MDMA,street_name
Doctor,ecstasy/MDMA,street_name
Domex,ecstasy/MDMA,street_name
Drop,ecstasy/MDMA,street_name
E,ecstasy/MDMA,street_name
E-Bomb,ecstasy/MDMA,street_name
Essence,ecstasy/MDMA,street_name
Eve,ecstasy/MDMA,street_name
Go,ecstasy/MDMA,street_name
Goog,ecstasy/MDMA,street_name
Green Apple,ecstasy/MDMA,street_name
Happy Pill,ecstasy/MDMA,street_name
Hug,ecstasy/MDMA,street_name
Hug Drug,ecstasy/MDMA,street_name
Kleenex,ecstasy/MDMA,street_name
Love Doctor,ecstasy/MDMA,street_name
Love Drug,ecstasy/MDMA,street_name
Love Flip,ecstasy/MDMA,street_name
Love Potion #9,ecstasy/MDMA,street_name
Love Trip,ecstasy/MDMA,street_name
Lover’s Speed,ecstasy/MDMA,street_name
Malcolm X,ecstasy/MDMA,street_name
Moon Rock,ecstasy/MDMA,street_name
Peace,ecstasy/MDMA,street_name
Pingaz,ecstasy/MDMA,street_name
Pingers,ecstasy/MDMA,street_name
Rolls,ecstasy/MDMA,street_name
Rolling,ecstasy/MDMA,street_name
Running,ecstasy/MDMA,street_name
Scooby Snacks,ecstasy/MDMA,street_name
Skittle,ecstasy/MDMA,street_name
Smacks,ecstasy/MDMA,street_name
Slits,ecstasy/MDMA,street_name
Smarties,ecstasy/MDMA,street_name
Speed for Lovers,ecstasy/MDMA,street_name
Sweets,ecstasy/MDMA,street_name
Tacha,ecstasy/MDMA,street_name
Thizz,ecstasy/MDMA,street_name
Vitamin E,ecstasy/MDMA,street_name
Vowels,ecstasy/MDMA,street_name
White Mercedes,ecstasy/MDMA,street_name
X,ecstasy/MDMA,street_name
XTC,ecstasy/MDMA,street_name
Yokes,ecstasy/MDMA,street_name
Norco,hydrocodone,brand_name
Vicodin,hydrocodone,brand_name
Lorcet,hydrocodone,brand_name
357s,hydrocodone,street_name
Bananas,hydrocodone,street_name
Dones,hydrocodone,street_name
Dro,hydrocodone,street_name
Droco,hydrocodone,street_name
Fluff,hydrocodone,street_name
Hydros,hydrocodone,street_name
Idiot Pills,hydrocodone,street_name
Lemonade,hydrocodone,street_name
Lorries,hydrocodone,street_name
Scratch,hydrocodone,street_name
Tabs,hydrocodone,street_name
Triple V,hydrocodone,street_name
Veeks,hydrocodone,street_name
Vics,hydrocodone,street_name
Vikes,hydrocodone,street_name
Watsons,hydrocodone,street_name
Dilaudid,hydromorphone,street_name
D,hydromorphone,street_name
Dillies,hydromorphone,street_name
K4,hydromorphone,street_name
Needle Candy,hydromorphone,street_name
Diablo,methamphetamine,street_name
Evil Sister,methamphetamine,street_name
Eye Glasses,methamphetamine,street_name
Fire,methamphetamine,street_name
Fizz,methamphetamine,street_name
Flowers,methamphetamine,street_name
Foco,methamphetamine,street_name
Food,methamphetamine,street_name
Frio,methamphetamine,street_name
Fruit,methamphetamine,street_name
Gak,methamphetamine,street_name
Garbage,methamphetamine,street_name
G-Funk,methamphetamine,street_name
Gifts,methamphetamine,street_name
Girls,methamphetamine,street_name
Glass,methamphetamine,street_name
Go-Fast,methamphetamine,street_name
Go-Go,methamphetamine,street_name
Goofball,methamphetamine,street_name
Groceries,methamphetamine,street_name
Hard Ones,methamphetamine,street_name
Hare,methamphetamine,street_name
Hawaiian Salt,methamphetamine,street_name
Hielo,methamphetamine,street_name
Hiropon,methamphetamine,street_name
Hot Ice,methamphetamine,street_name
Hubbers,methamphetamine,street_name
Ice,methamphetamine,street_name
Ice Cream,methamphetamine,street_name
Ice Water,methamphetamine,street_name
Icehead,methamphetamine,street_name
Jale,methamphetamine,street_name
Jug of Water,methamphetamine,street_name
L.A. Glass,methamphetamine,street_name
L.A. Ice,methamphetamine,street_name
Lemons,methamphetamine,street_name
Lemon Drop,methamphetamine,street_name
Light,methamphetamine,street_name
Light Beige,methamphetamine,street_name
Livianas,methamphetamine,street_name
Madera,methamphetamine,street_name
Mamph,methamphetamine,street_name
Meth,methamphetamine,street_name
Methlies Quick,methamphetamine,street_name
Mexican Crack,methamphetamine,street_name
Mexican Crank,methamphetamine,street_name
Miss Girl,methamphetamine,street_name
Montura,methamphetamine,street_name
Motor,methamphetamine,street_name
Muchacha,methamphetamine,street_name
Nails,methamphetamine,street_name
One Pot,methamphetamine,street_name
No-Doze,methamphetamine,street_name
Paint,methamphetamine,street_name
Pantalones,methamphetamine,street_name
Patudas,methamphetamine,street_name
Peanut Butter Crank,methamphetamine,street_name
Pinata,methamphetamine,street_name
Pointy Ones,methamphetamine,street_name
Pollito,methamphetamine,street_name
Popsicle,methamphetamine,street_name
Purple,methamphetamine,street_name
Raspado,methamphetamine,street_name
Rims,methamphetamine,street_name
Rocket Fuel,methamphetamine,street_name
Salt,methamphetamine,street_name
Shabu,methamphetamine,street_name
Shards,methamphetamine,street_name
Shatter,methamphetamine,street_name
Shaved Ice,methamphetamine,street_name
Shiny Girl,methamphetamine,street_name
Small Girl,methamphetamine,street_name
Soap Dope,methamphetamine,street_name
Soft Ones,methamphetamine,street_name
Speed,methamphetamine,street_name
Speed Dog,methamphetamine,street_name
Spicy Kind,methamphetamine,street_name
Spin,methamphetamine,street_name
Stove Top,methamphetamine,street_name
Stuff,methamphetamine,street_name
Super Ice,methamphetamine,street_name
Table,methamphetamine,street_name
Tina,methamphetamine,street_name
Tires,methamphetamine,street_name
Trash,methamphetamine,street_name
Truck,methamphetamine,street_name
Tupperware,methamphetamine,street_name
Tweak,methamphetamine,street_name
Unassembled,methamphetamine,street_name
Uppers,methamphetamine,street_name
Ventanas,methamphetamine,street_name
Vidrio,methamphetamine,street_name
Walking Zombie,methamphetamine,street_name
Water,methamphetamine,street_name
Wazz,methamphetamine,street_name
White,methamphetamine,street_name
Whizz,methamphetamine,street_name
Windows,methamphetamine,street_name
Witches Teeth,methamphetamine,street_name
Yaba,methamphetamine,street_name
Yellow Barn,methamphetamine,street_name
Yellow Cake,methamphetamine,street_name
Yellow Kind,methamphetamine,street_name
Zip,methamphetamine,street_name
Accordion,methamphetamine,street_name
Amp,methamphetamine,street_name
Aqua,methamphetamine,street_name
Arroz,methamphetamine,street_name
Assembled,methamphetamine,street_name
Batu,methamphetamine,street_name
Begok,methamphetamine,street_name
Biker’s Coffee,methamphetamine,street_name
Blue,methamphetamine,street_name
Blue Bell Ice Cream,methamphetamine,street_name
Beers,methamphetamine,street_name
Bottles,methamphetamine,street_name
Bucio,methamphetamine,street_name
Bud Light,methamphetamine,street_name
Bump,methamphetamine,street_name
Cajitas,methamphetamine,street_name
Chalk,methamphetamine,street_name
Chandelier,methamphetamine,street_name
Chavalone,methamphetamine,street_name
Chicken,methamphetamine,street_name
Chicken Feed,methamphetamine,street_name
Chicken Powder,methamphetamine,street_name
Chris,methamphetamine,street_name
Christine,methamphetamine,street_name
Christy,methamphetamine,street_name
Clear,methamphetamine,street_name
Clothing Cleaner,methamphetamine,street_name
Cold,methamphetamine,street_name
Cold One,methamphetamine,street_name
Colorado Rockies,methamphetamine,street_name
Crank,methamphetamine,street_name
Cream,methamphetamine,street_name
Cri-Cri,methamphetamine,street_name
Crink,methamphetamine,street_name
Crisco,methamphetamine,street_name
Crissy,methamphetamine,street_name
Christy,methamphetamine,street_name
Crypto,methamphetamine,street_name
Crystal,methamphetamine,street_name
Cuadro,methamphetamine,street_name
Day,methamphetamine,street_name
Diamond,methamphetamine,street_name
Dunk,methamphetamine,street_name
El Gata,methamphetamine,street_name
Ritalin,methylphenidate,brand_name
Concerta,methylphenidate,brand_name
Daytrana,methylphenidate,brand_name
Diet Coke,methylphenidate,street_name
Jif,methylphenidate,street_name
Johnny,methylphenidate,street_name
Kibbles and Bits,methylphenidate,street_name
Kiddie Cocaine,methylphenidate,street_name
Kiddie Coke,methylphenidate,street_name
MPH,methylphenidate,street_name
Pineapple,methylphenidate,street_name
Poor Man’s Cocaine,methylphenidate,street_name
R-Ball,methylphenidate,street_name
R-Pop,methylphenidate,street_name
Rids,methylphenidate,street_name
Rittys,methylphenidate,street_name
Skippy,methylphenidate,street_name
Skittles,methylphenidate,street_name
Smarties,methylphenidate,street_name
Study Buddies,methylphenidate,street_name
Truck Drivers,methylphenidate,street_name
Vitamin R,methylphenidate,street_name
Dreamer,morphine,street_name
First Line,morphine,street_name
God’s Drug,morphine,street_name
Joy Juice,morphine,street_name
Miss Emma,morphine,street_name
Monkey,morphine,street_name
Mister Blue,morphine,street_name
Morpho,morphine,street_name
Unkie,morphine,street_name
White Stuff,morphine,street_name
M,morphine,street_name
Ah-Pen-Yen,opium,street_name
Auntie,opium,street_name
Aunt Emma,opium,street_name
Big O,opium,street_name
Black,opium,street_name
Black Pill,opium,street_name
Black Russian,opium,street_name
Chandoo,opium,street_name
China,opium,street_name
Chinese Molasses,opium,street_name
Chinese Tobacco,opium,street_name
Chocolate,opium,street_name
Cruz,opium,street_name
Dopium,opium,street_name
Dover’s Powder,opium,street_name
Dream Gum,opium,street_name
Dream Stick,opium,street_name
Dreams,opium,street_name
Easing Powder,opium,street_name
Fi-Do-Nie,opium,street_name
Gee,opium,street_name
God’s medicine,opium,street_name
Goma,opium,street_name
Gondola,opium,street_name
Goric,opium,street_name
Great Tobacco,opium,street_name
Gum,opium,street_name
Guma,opium,street_name
Hocus,opium,street_name
Hops,opium,street_name
Incense,opium,street_name
Joy Plant,opium,street_name
Midnight Oil,opium,street_name
Mira,opium,street_name
Ope,opium,street_name
Opio,opium,street_name
Pen Yan,opium,street_name
Pin Gon,opium,street_name
Pin Yen,opium,street_name
Pox,opium,street_name
Skee,opium,street_name
Toxy,opium,street_name
Toys,opium,street_name
When-Shee,opium,street_name
Zero,opium,street_name
Oxaydo,oxycodone,brand_name
Roxicodone,oxycodone,brand_name
Oxycontin,oxycodone,brand_name
Oxycodone,oxycodone,brand_name
30s,oxycodone,street_name
40s,oxycodone,street_name
512s,oxycodone,street_name
Beans,oxycodone,street_name
Blues,oxycodone,street_name
Buttons,oxycodone,street_name
Cotton,oxycodone,street_name
Greens,oxycodone,street_name
Hillbilly Heroin,oxycodone,street_name
Kickers,oxycodone,street_name
Killers,oxycodone,street_name
Muchachas,oxycodone,street_name
Mujeres,oxycodone,street_name
OC,oxycodone,street_name
Oxy,oxycodone,street_name
Oxy 80s,oxycodone,street_name
Roxy,oxycodone,street_name
Roxy Shorts,oxycodone,street_name
Whites,oxycodone,street_name
Oxycat,oxycodone,street_name
Pink,U-47700,street_name
Pinky,U-47700,street_name
U4,U-47700,street_name
Peliroja,marijuana,street_name
Pelosa,marijuana,street_name
Phoenix,marijuana,street_name
Pine,marijuana,street_name
Pink Panther,marijuana,street_name
Pintura,marijuana,street_name
Plant,marijuana,street_name
Platinum Cookies,marijuana,street_name
Platinum Jack,marijuana,street_name
Pocket Rocket,marijuana,street_name
Popcorn,marijuana,street_name
Porro,marijuana,street_name
Pot,marijuana,street_name
Pretendo,marijuana,street_name
Prop 215,marijuana,street_name
Puff,marijuana,street_name
Purple Haze,marijuana,street_name
Purple OG,marijuana,street_name
Queen Anns Lace,marijuana,street_name
Red Hair,marijuana,street_name
Ragweed,marijuana,street_name
Railroad Weed,marijuana,street_name
Rainy Day Woman,marijuana,street_name
Rasta Weed,marijuana,street_name
Red Cross,marijuana,street_name
Red Dirt,marijuana,street_name
Reefer,marijuana,street_name
Reggie,marijuana,street_name
Repollo,marijuana,street_name
Righteous Bush,marijuana,street_name
Root,marijuana,street_name
Rope,marijuana,street_name
Rosa Maria,marijuana,street_name
Salt and Pepper,marijuana,street_name
Santa Marta,marijuana,street_name
Sasafras,marijuana,street_name
Sativa,marijuana,street_name
Shoes,marijuana,street_name
Sinsemilla,marijuana,street_name
Shmagma,marijuana,street_name
Shora,marijuana,street_name
Shrimp,marijuana,street_name
Shwag,marijuana,street_name
Skunk,marijuana,street_name
Skywalker,marijuana,street_name
Smoke,marijuana,street_name
Smoochy Woochy Poochy,marijuana,street_name
Smoke Canada,marijuana,street_name
Sour OG,marijuana,street_name
Spliff,marijuana,street_name
Stems,marijuana,street_name
Sticky,marijuana,street_name
Stink Weed,marijuana,street_name
Sugar Weed,marijuana,street_name
Sweet Lucy,marijuana,street_name
Tahoe,marijuana,street_name
Tangy OG,marijuana,street_name
Terp,marijuana,street_name
Terpenes,marijuana,street_name
Tex-Mex,marijuana,street_name
Texas Tea,marijuana,street_name
Tigitty,marijuana,street_name
Tila,marijuana,street_name
Tims,marijuana,street_name
Top Shelf,marijuana,street_name
Tosca,marijuana,street_name
Train Wreck,marijuana,street_name
Trees,marijuana,street_name
Trinity OG,marijuana,street_name
Tweeds,marijuana,street_name
Valle,marijuana,street_name
Wake and Bake,marijuana,street_name
Weed,marijuana,street_name
Weed Tea,marijuana,street_name
Wet,marijuana,street_name
Wheat,marijuana,street_name
White-Haired Lady,marijuana,street_name
Wooz,marijuana,street_name
Yellow Submarine,marijuana,street_name
Yen Pop,marijuana,street_name
Yerba,marijuana,street_name
Yesca,marijuana,street_name
Young Girls,marijuana,street_name
Zacate,marijuana,street_name
Zacatecas,marijuana,street_name
Zambi,marijuana,street_name
Zip,marijuana,street_name
Zoom,marijuana,street_name
Jon-Jem,marijuana,street_name
Joy Smoke,marijuana,street_name
Juan Valdez,marijuana,street_name
Juanita,marijuana,street_name
Jungle Juice,marijuana,street_name
Kaff,marijuana,street_name
Kali,marijuana,street_name
Kaya,marijuana,street_name
KB,marijuana,street_name
Kentucky Blue,marijuana,street_name
KGB,marijuana,street_name
Khalifa,marijuana,street_name
Kiff,marijuana,street_name
Killa,marijuana,street_name
Kilter,marijuana,street_name
King Louie,marijuana,street_name
Kona Gold,marijuana,street_name
Kumba,marijuana,street_name
Kush,marijuana,street_name
Laughing Grass,marijuana,street_name
Laughing Weed,marijuana,street_name
Leaf,marijuana,street_name
Lechuga,marijuana,street_name
Lemon-Lime,marijuana,street_name
Lea,marijuana,street_name
Liamba,marijuana,street_name
Lime Pillows,marijuana,street_name
Little Green Friends,marijuana,street_name
Little Smoke,marijuana,street_name
Llesca,marijuana,street_name
Loaf,marijuana,street_name
Lobo,marijuana,street_name
Loco Weed,marijuana,street_name
Loud,marijuana,street_name
Love Nuggets,marijuana,street_name
Love Weed,marijuana,street_name
Lucas,marijuana,street_name
M.J.,marijuana,street_name
Machinery,marijuana,street_name
Macoa,marijuana,street_name
Mafafa,marijuana,street_name
Magic Smoke,marijuana,street_name
Manhattan Silver,marijuana,street_name
Manteca,marijuana,street_name
Maracachafa,marijuana,street_name
Maria,marijuana,street_name
Marimba,marijuana,street_name
Mariquita,marijuana,street_name
Mary Ann,marijuana,street_name
Mary Jane,marijuana,street_name
Mary Jones,marijuana,street_name
Mary Warner,marijuana,street_name
Mary Weaver,marijuana,street_name
Matchbox,marijuana,street_name
Matraca,marijuana,street_name
Maui Wowie,marijuana,street_name
Meg,marijuana,street_name
Method,marijuana,street_name
Mersh,marijuana,street_name
Mexican Brown,marijuana,street_name
Mexicali Haze,marijuana,street_name
Mexican Green,marijuana,street_name
Mexican Red,marijuana,street_name
MMJ,marijuana,street_name
Mochie,marijuana,street_name
MoÃ±a,marijuana,street_name
Monte,marijuana,street_name
Moocah,marijuana,street_name
Mootie,marijuana,street_name
Mora,marijuana,street_name
Morisqueta,marijuana,street_name
Mostaza,marijuana,street_name
Mota,marijuana,street_name
Mother,marijuana,street_name
Mowing the Lawn,marijuana,street_name
Muggie,marijuana,street_name
My Brother,marijuana,street_name
Narizona,marijuana,street_name
Northern Lights,marijuana,street_name
Nug,marijuana,street_name
O-Boy,marijuana,street_name
OG,marijuana,street_name
O.J.,marijuana,street_name
Owl,marijuana,street_name
Paja,marijuana,street_name
Palm,marijuana,street_name
Paloma,marijuana,street_name
Palomita,marijuana,street_name
Panama Cut,marijuana,street_name
Panama Gold,marijuana,street_name
Panama Red,marijuana,street_name
Pakalolo,marijuana,street_name
Parsley,marijuana,street_name
Pasto,marijuana,street_name
Pasture,marijuana,street_name
Dew,marijuana,street_name
Diesel,marijuana,street_name
Dimba,marijuana,street_name
Dinkie Dow,marijuana,street_name
Diosa Verde,marijuana,street_name
Dirt Grass,marijuana,street_name
Ditch Weed,marijuana,street_name
Dizz,marijuana,street_name
Djamba,marijuana,street_name
Dody,marijuana,street_name
Dojo,marijuana,street_name
Domestic,marijuana,street_name
Donna Juana,marijuana,street_name
Doobie,marijuana,street_name
Downtown Brown,marijuana,street_name
Drag Weed,marijuana,street_name
Dro,marijuana,street_name
Droski,marijuana,street_name
Dry High,marijuana,street_name
Elefante Pata,marijuana,street_name
Endo,marijuana,street_name
Escoba,marijuana,street_name
Fattie,marijuana,street_name
Fine Stuff,marijuana,street_name
Fire,marijuana,street_name
Flower,marijuana,street_name
Flower Tops,marijuana,street_name
Fluffy,marijuana,street_name
Fuzzy Lady,marijuana,street_name
Gallina,marijuana,street_name
Gallito,marijuana,street_name
Garden,marijuana,street_name
Garifa,marijuana,street_name
Gauge,marijuana,street_name
Gangster,marijuana,street_name
Ganja,marijuana,street_name
Gash,marijuana,street_name
Gato,marijuana,street_name
Ghana,marijuana,street_name
Gigi,marijuana,street_name
Giggle Smoke,marijuana,street_name
Giggle Weed,marijuana,street_name
Girl Scout Cookies,marijuana,street_name
Gloria,marijuana,street_name
Gold,marijuana,street_name
Gold Leaf,marijuana,street_name
Gold Star,marijuana,street_name
Gong,marijuana,street_name
Good Giggles,marijuana,street_name
Gorilla,marijuana,street_name
Gorilla Glue,marijuana,street_name
Grand Daddy Purp,marijuana,street_name
Grass,marijuana,street_name
Grasshopper,marijuana,street_name
Green,marijuana,street_name
Green Crack,marijuana,street_name
Green-Eyed Girl,marijuana,street_name
Green Eyes,marijuana,street_name
Green Goblin,marijuana,street_name
Green Goddess,marijuana,street_name
Green Mercedes Benz,marijuana,street_name
Green Paint,marijuana,street_name
Green Skunk,marijuana,street_name
Greenhouse,marijuana,street_name
Grenuda,marijuana,street_name
Greta,marijuana,street_name
Guardada,marijuana,street_name
Gummy Bears,marijuana,street_name
Gunga,marijuana,street_name
Hairy Ones,marijuana,street_name
Hash,marijuana,street_name
Hawaiian,marijuana,street_name
Hay,marijuana,street_name
Hemp,marijuana,street_name
Herb,marijuana,street_name
Hierba,marijuana,street_name
Holy Grail,marijuana,street_name
Homegrown,marijuana,street_name
Hooch,marijuana,street_name
Hoja,marijuana,street_name
Humo,marijuana,street_name
Hydro,marijuana,street_name
Indian Boy,marijuana,street_name
Indian Hay,marijuana,street_name
Jamaican Gold,marijuana,street_name
Jamaican Red,marijuana,street_name
Jane,marijuana,street_name
Jive,marijuana,street_name
Jolly Green,marijuana,street_name
420,marijuana,street_name
A-Bomb,marijuana,street_name
Acapulco Gold,marijuana,street_name
Acapulco Red,marijuana,street_name
Ace,marijuana,street_name
African Black,marijuana,street_name
African Bush,marijuana,street_name
Airplane,marijuana,street_name
Alfalfa,marijuana,street_name
Alfombra,marijuana,street_name
Alice B Toklas,marijuana,street_name
All-Star,marijuana,street_name
Almohada,marijuana,street_name
Angola,marijuana,street_name
Animal Cookies,marijuana,street_name
Arizona,marijuana,street_name
Ashes,marijuana,street_name
Aunt Mary,marijuana,street_name
AZ,marijuana,street_name
Baby,marijuana,street_name
Bale,marijuana,street_name
Bambalachacha,marijuana,street_name
Barbara Jean,marijuana,street_name
Bareta,marijuana,street_name
Bash,marijuana,street_name
Bazooka,marijuana,street_name
BC Budd,marijuana,street_name
Bernie,marijuana,street_name
Bhang,marijuana,street_name
Big Pillows,marijuana,street_name
Biggy,marijuana,street_name
Bionic,marijuana,street_name
Black Bart,marijuana,street_name
Black Gold,marijuana,street_name
Black Maria,marijuana,street_name
Blondie,marijuana,street_name
Blue Cheese,marijuana,street_name
Blue Crush,marijuana,street_name
Blue Dream,marijuana,street_name
Blue Jeans,marijuana,street_name
Blue Sage,marijuana,street_name
Blueberry,marijuana,street_name
Bobo Bush,marijuana,street_name
Boo,marijuana,street_name
Boom,marijuana,street_name
Branches,marijuana,street_name
Broccoli,marijuana,street_name
Bud,marijuana,street_name
Budda,marijuana,street_name
Burritos Verdes,marijuana,street_name
Bush,marijuana,street_name
Cabbage,marijuana,street_name
CafÃ©,marijuana,street_name
Cajita,marijuana,street_name
Cali,marijuana,street_name
Camara,marijuana,street_name
Canadian Black,marijuana,street_name
Catnip,marijuana,street_name
Cheeba,marijuana,street_name
Chernobyl,marijuana,street_name
Cheese,marijuana,street_name
Chicago Black,marijuana,street_name
Chicago Green,marijuana,street_name
Chippie,marijuana,street_name
Chistosa,marijuana,street_name
Christmas Tree,marijuana,street_name
Chronic,marijuana,street_name
Churro,marijuana,street_name
Cigars,marijuana,street_name
Citrol,marijuana,street_name
Cola,marijuana,street_name
Colorado Cocktail,marijuana,street_name
Cookie,marijuana,street_name
Cotorritos,marijuana,street_name
Crazy Weed,marijuana,street_name
Creeper Bud,marijuana,street_name
Crippy,marijuana,street_name
Crying Weed,marijuana,street_name
Culican,marijuana,street_name
Dank,marijuana,street_name
Devil’s Lettuce,marijuana,street_name
Hash Oil,hash,street_name
Hash,hash,street_name
710,hash,street_name
BHNO,hash,street_name
BHO,hash,street_name
Black Glass,hash,street_name
Bubble Hash,hash,street_name
Budder,hash,street_name
Butane Hash Oil,hash,street_name
Butane Honey Oil,hash,street_name
Caviar,hash,street_name
CBD,hash,street_name
CBD oil,hash,street_name
Crystalline,hash,street_name
Crumble,hash,street_name
Dabs,hash,street_name
Dipper,hash,street_name
Ear Wax,hash,street_name
Edibles,hash,street_name
ENail,hash,street_name
Errl,hash,street_name
Extract,hash,street_name
Full Melt,hash,street_name
Glob,hash,street_name
Gorilla Glue,hash,street_name
Heady,hash,street_name
Honey Oil,hash,street_name
IWE,hash,street_name
Ice Water Hash,hash,street_name
Klear,hash,street_name
Live Resin,hash,street_name
Moon Rocks,hash,street_name
Rosin,hash,street_name
Rosin Tech,hash,street_name
SAP,hash,street_name
Sauce,hash,street_name
Shatter,hash,street_name
Solventless,hash,street_name
Terp Sauce,hash,street_name
THCA,hash,street_name
THCA Crystal,hash,street_name
THCA Crystalline,hash,street_name
THCA Powder,hash,street_name
Trichrome,hash,street_name
Wax,hash,street_name
Abyss,synthetic cannabinoids,street_name
Ace of Spades,synthetic cannabinoids,street_name
AK-47,synthetic cannabinoids,street_name
Amnesia,synthetic cannabinoids,street_name
Atomic Blast,synthetic cannabinoids,street_name
Big Bang,synthetic cannabinoids,street_name
Black Magic Smoke,synthetic cannabinoids,street_name
Black Mamba,synthetic cannabinoids,street_name
420,synthetic cannabinoids,street_name
Blaze,synthetic cannabinoids,street_name
Bliss,synthetic cannabinoids,street_name
Blue Cheese,synthetic cannabinoids,street_name
Bombay Blue,synthetic cannabinoids,street_name
Brain Freeze,synthetic cannabinoids,street_name
Buzz Haze,synthetic cannabinoids,street_name
Cherry Bomb,synthetic cannabinoids,street_name
Chill,synthetic cannabinoids,street_name
Chrome,synthetic cannabinoids,street_name
Clockwork Orange,synthetic cannabinoids,street_name
Cloud 10,synthetic cannabinoids,street_name
Cowboy Kush,synthetic cannabinoids,street_name
Crystal Skull,synthetic cannabinoids,street_name
Dead Man,synthetic cannabinoids,street_name
Devil’s Venom,synthetic cannabinoids,street_name
Dr. Feel Good,synthetic cannabinoids,street_name
Dragon Eye,synthetic cannabinoids,street_name
Earth Blend,synthetic cannabinoids,street_name
Exodus,synthetic cannabinoids,street_name
Extreme,synthetic cannabinoids,street_name
Fake Bake,synthetic cannabinoids,street_name
Fire,synthetic cannabinoids,street_name
Fruit Candy Flavors,synthetic cannabinoids,street_name
Funky Buddha,synthetic cannabinoids,street_name
Funky Monkey,synthetic cannabinoids,street_name
Garden Salad,synthetic cannabinoids,street_name
Genie,synthetic cannabinoids,street_name
G-Force,synthetic cannabinoids,street_name
GI Joe,synthetic cannabinoids,street_name
Green Dream,synthetic cannabinoids,street_name
Green Peace,synthetic cannabinoids,street_name
Hammer Head,synthetic cannabinoids,street_name
Helix,synthetic cannabinoids,street_name
Hipster,synthetic cannabinoids,street_name
Hysteria,synthetic cannabinoids,street_name
Ice Dragon,synthetic cannabinoids,street_name
Joker,synthetic cannabinoids,street_name
Juicy Leaf,synthetic cannabinoids,street_name
Jungle Juice,synthetic cannabinoids,street_name
Just Chill,synthetic cannabinoids,street_name
K2,synthetic cannabinoids,street_name
Kaos,synthetic cannabinoids,street_name
Karma,synthetic cannabinoids,street_name
Kong,synthetic cannabinoids,street_name
Krazy Kandy,synthetic cannabinoids,street_name
Kryp2nite,synthetic cannabinoids,street_name
Kush,synthetic cannabinoids,street_name
Layer Cake,synthetic cannabinoids,street_name
Limitless,synthetic cannabinoids,street_name
Mad Hatter,synthetic cannabinoids,street_name
Mile High,synthetic cannabinoids,street_name
Mystique,synthetic cannabinoids,street_name
Ninja,synthetic cannabinoids,street_name
Odyssey,synthetic cannabinoids,street_name
OMG,synthetic cannabinoids,street_name
Pandora’s Box,synthetic cannabinoids,street_name
Phoenix,synthetic cannabinoids,street_name
Pineapple Express,synthetic cannabinoids,street_name
Posh,synthetic cannabinoids,street_name
Potpourri,synthetic cannabinoids,street_name
Pow,synthetic cannabinoids,street_name
Rapture,synthetic cannabinoids,street_name
Red Magic,synthetic cannabinoids,street_name
Rewind,synthetic cannabinoids,street_name
Scooby Snax,synthetic cannabinoids,street_name
Sexy,synthetic cannabinoids,street_name
Sky High,synthetic cannabinoids,street_name
Snake Bite,synthetic cannabinoids,street_name
Solar Flare,synthetic cannabinoids,street_name
Spice,synthetic cannabinoids,street_name
Spike Diamond,synthetic cannabinoids,street_name
Storm,synthetic cannabinoids,street_name
Sweet Leaf,synthetic cannabinoids,street_name
Synthetic Marijuana,synthetic cannabinoids,street_name
Terraband,synthetic cannabinoids,street_name
Time Traveler,synthetic cannabinoids,street_name
Top Gear,synthetic cannabinoids,street_name
Train Wreck,synthetic cannabinoids,street_name
Ultimate,synthetic cannabinoids,street_name
Viper,synthetic cannabinoids,street_name
Voodoo Child,synthetic cannabinoids,street_name
Wazabi,synthetic cannabinoids,street_name
Wicked,synthetic cannabinoids,street_name
Wizard,synthetic cannabinoids,street_name
Xtreme,synthetic cannabinoids,street_name
Yucatan,synthetic cannabinoids,street_name
Yucatan Fire,synthetic cannabinoids,street_name
Zero Gravity,synthetic cannabinoids,street_name
Zohai,synthetic cannabinoids,street_name
Zombie,synthetic cannabinoids,street_name
Bath Blow,synthetic cathinones,street_name
Bath Salts,synthetic cathinones,street_name
Bliss,synthetic cathinones,street_name
Bloom,synthetic cathinones,street_name
Blow,synthetic cathinones,street_name
Blue Silk,synthetic cathinones,street_name
Bubbles,synthetic cathinones,street_name
Cloud 9,synthetic cathinones,street_name
Cosmic Beast,synthetic cathinones,street_name
Drone,synthetic cathinones,street_name
Energy-1,synthetic cathinones,street_name
Explosion,synthetic cathinones,street_name
Flakka,synthetic cathinones,street_name
Gravel,synthetic cathinones,street_name
Insect Repellent,synthetic cathinones,street_name
Ivory Wave,synthetic cathinones,street_name
Jewelry Cleaner,synthetic cathinones,street_name
Lunar Wave,synthetic cathinones,street_name
M-Cat,synthetic cathinones,street_name
Meow-Meow,synthetic cathinones,street_name
Ocean Burst,synthetic cathinones,street_name
Phone Screen Cleaner,synthetic cathinones,street_name
Plant Feeder,synthetic cathinones,street_name
Plant Food,synthetic cathinones,street_name
Pure Ivory,synthetic cathinones,street_name
Purple Wave,synthetic cathinones,street_name
Recharge,synthetic cathinones,street_name
Red Dove,synthetic cathinones,street_name
Salting,synthetic cathinones,street_name
Scarface,synthetic cathinones,street_name
Snow Leopard,synthetic cathinones,street_name
Stardust,synthetic cathinones,street_name
Vanilla Sky,synthetic cathinones,street_name
White Dove,synthetic cathinones,street_name
White Knight,synthetic cathinones,street_name
White Lightening,synthetic cathinones,street_name
White Magic,synthetic cathinones,street_name
Wicked X,synthetic cathinones,street_name
Zoom,synthetic cathinones,street_name
Captain Cody,codeine,street_name
Cody,codeine,street_name
Schoolboy,codeine,street_name
Doors & Fours,codeine,street_name
Pancakes & Syrup,codeine,street_name
Loads,codeine,street_name
Demmies,Meperedine,street_name
Pain Killer,Meperedine,street_name
Abstral,fentanyl,brand_name
Actiq,fentanyl,brand_name
Avinza,morphine sulfate extended-release capsules,brand_name
Butrans,buprenorphine transdermal system,brand_name
Demerol,meperidine;isonipecaine;pethidine,brand_name
Dilaudid,hydromorphone;dihydromorphinone,brand_name
Dolophine,methadone hydrochloride tablets,brand_name
Duragesic,fentanyl transdermal system,brand_name
Fentora,fentanyl,brand_name
Hysingla,hydrocodone,brand_name
Methadose,methadone,brand_name
Morphabond,morphine,brand_name
Nucynta ER,tapentadol extended-release oral tablets,brand_name
Onsolis,fentanyl,brand_name
Oramorph,morphine,brand_name
Oxaydo,oxycodone,brand_name
Roxanol-T,morphine,brand_name
Sublimaze,fentanyl,brand_name
Xtampza ER,oxycodone,brand_name
Zohydro ER,hydrocodone,brand_name
Anexsia,hydrocodone containing acetaminophen,brand_name
Co-Gesic,hydrocodone containing acetaminophen,brand_name
Embeda,morphine sulfate and naltrexone extended-release capsules,brand_name
Exalgo,hydromorphone hydrochloride extended-release tablets,brand_name
Hycet,hydrocodone containing acetaminophen,brand_name
Hycodan,hydrocodone containing homatropine,brand_name
Hydromet,hydrocodone containing homatropine,brand_name
Ibudone,hydrocodone containing ibuprofen,brand_name
Kadian,morphine sulfate extended-release tablets,brand_name
Liquicet,hydrocodone containing acetaminophen,brand_name
Lorcet,hydrocodone containing acetaminophen,brand_name
Lorcet Plus,hydrocodone containing acetaminophen,brand_name
Lortab,hydrocodone containing acetaminophen,brand_name
Maxidone,hydrocodone containing acetaminophen,brand_name
MS Contin,morphine sulfate controlled-release tablets,brand_name
Norco,hydrocodone containing acetaminophen,brand_name
Opana ER,oxymorphone hydrochloride extended-release tablets,brand_name
OxyContin,oxycodone hydrochloride controlled-release tablets,brand_name
Oxycet,oxycodone containing acetaminophen,brand_name
Palladone,hydromorphone hydrochloride extended-release capsules,brand_name
Percocet,oxycodone containing acetaminophen,brand_name
Percodan,oxycodone containing aspirin,brand_name
Reprexain,hydrocodone containing ibuprofen,brand_name
Rezira,hydrocodone containing pseudoephedrine,brand_name
Roxicet,oxycodone containing acetaminophen,brand_name
Targiniq ER,oxycodone containing naloxone,brand_name
TussiCaps,hydrocodone containing chlorpheniramine,brand_name
Tussionex,hydrocodone containing chlorpheniramine,brand_name
Tuzistra XR,codeine containing chlorpheniramine,brand_name
Tylenol #3 and #4,codeine containing acetaminophen,brand_name
Vicodin,hydrocodone containing acetaminophen,brand_name
Vicodin ES,hydrocodone containing acetaminophen,brand_name
Vicodin HP,hydrocodone containing acetaminophen,brand_name
Vicoprofen,hydrocodone containing ibuprofen,brand_name
Vituz,hydrocodone containing chlorpheniramine,brand_name
Xartemis XR,oxycodone containing acetaminophen,brand_name
Xodol,hydrocodone containing acetaminophen,brand_name
Zolvit,hydrocodone containing acetaminophen,brand_name
Zutripro,hydrocodone containing chlorpheniramine and pseudoephedrine,brand_name
Zydone,hydrocodone containing acetaminophen,brand_name
Fentanyl,fentanyl extended-release transdermal system,brand_name
Methadone hydrochloride,methadone hydrochloride tablets;methadone hydrochloride oral solution,brand_name
Morphine sulfate,morphine sulfate extended-release capsules;morphine sulfate extended-release tablets,brand_name
Oxymorphone hydrochloride,oxymorphone hydrochloride extended-release tablets,brand_name
